OrganizationIdentifier,OrganizationFormalName,MonitoringLocationIdentifier,MonitoringLocationName,MonitoringLocationTypeName,MonitoringLocationDescriptionText,HUCEightDigitCode,DrainageAreaMeasure/MeasureValue,DrainageAreaMeasure/MeasureUnitCode,ContributingDrainageAreaMeasure/MeasureValue,ContributingDrainageAreaMeasure/MeasureUnitCode,LatitudeMeasure,LongitudeMeasure,SourceMapScaleNumeric,HorizontalAccuracyMeasure/MeasureValue,HorizontalAccuracyMeasure/MeasureUnitCode,HorizontalCollectionMethodName,HorizontalCoordinateReferenceSystemDatumName,VerticalMeasure/MeasureValue,VerticalMeasure/MeasureUnitCode,VerticalAccuracyMeasure/MeasureValue,VerticalAccuracyMeasure/MeasureUnitCode,VerticalCollectionMethodName,VerticalCoordinateReferenceSystemDatumName,CountryCode,StateCode,CountyCode,AquiferName,LocalAqfrName,FormationTypeText,AquiferTypeName,ConstructionDateText,WellDepthMeasure/MeasureValue,WellDepthMeasure/MeasureUnitCode,WellHoleDepthMeasure/MeasureValue,WellHoleDepthMeasure/MeasureUnitCode,ProviderName
USGS-HI,USGS Hawaii Water Science Center,USGS-16875200,"Benoki-Gawa at Benoki, Okinawa, Japan",Stream,,,3.80,sq mi,,,26.78500000000000,128.2497222000000,,Unknown,Unknown,Interpolated from MAP.,NAD83,220,feet,10,feet,Interpolated from topographic map.,LMSL,JA,00,000,,,,,,,,,,NWIS
USGS-HI,USGS Hawaii Water Science Center,USGS-16875500,"YONA-GAWA AT YONA, OKINAWA",Stream,,,1.70,sq mi,,,,,,Unknown,Unknown,Interpolated from MAP.,,150,feet,10,feet,Unknown.,LMSL,JA,00,000,,,,,,,,,,NWIS
USGS-HI,USGS Hawaii Water Science Center,USGS-16876200,"TAKAZATO-GAWA NEAR HAMA, OKINAWA",Stream,,,0.90,sq mi,,,,,,Unknown,Unknown,Interpolated from MAP.,,400,feet,10,feet,Unknown.,LMSL,JA,00,000,,,,,,,,,,NWIS
USGS-HI,USGS Hawaii Water Science Center,USGS-16877000,"RIGHT BRANCH OF SF HENAN-GAWA NR TSUHA, OKINAWA",Stream,,,0.70,sq mi,,,,,,Unknown,Unknown,Interpolated from MAP.,,50,feet,1,feet,Unknown.,LMSL,JA,00,000,,,,,,,,,,NWIS
USGS-HI,USGS Hawaii Water Science Center,USGS-16877500,GENKA-KAWA NEAR GENKA OKINAWA,Stream,,,3.9,sq mi,,,,,,Unknown,Unknown,Interpolated from MAP.,,90,feet,1,feet,Unknown.,LMSL,JA,00,000,,,,,,,,,,NWIS
USGS-HI,USGS Hawaii Water Science Center,USGS-16878200,HANECHI-OKAWA AT KAWAKAMI OKINAWA,Stream,,,4.40,sq mi,,,,,,Unknown,Unknown,Interpolated from MAP.,,50,feet,1,feet,Unknown.,LMSL,JA,00,000,,,,,,,,,,NWIS
USGS-HI,USGS Hawaii Water Science Center,USGS-16878500,"OI-KAWA AT JINGUSUKU, OKINAWA",Stream,,,3.10,sq mi,,,,,,Unknown,Unknown,Interpolated from MAP.,,180,feet,10,feet,Unknown.,LMSL,JA,00,000,,,,,,,,,,NWIS
USGS-HI,USGS Hawaii Water Science Center,USGS-16879900,YONABARU-GAWA BL ZUKEYAMA DAM OKINAWA,Stream,,,1.90,sq mi,,,,,,Unknown,Unknown,Interpolated from MAP.,,150,feet,10,feet,Unknown.,LMSL,JA,00,000,,,,,,,,,,NWIS
USGS-HI,USGS Hawaii Water Science Center,USGS-16880300,BISHI-GAWA AT KADENA OKINAWA,Stream,,,14.00,sq mi,,,,,,Unknown,Unknown,Interpolated from MAP.,,15,feet,1,feet,Unknown.,LMSL,JA,00,000,,,,,,,,,,NWIS
USGS-HI,USGS Hawaii Water Science Center,USGS-16880500,NAGATA-GAWA AT KADENA OKINAWA,Stream,,,4.00,sq mi,,,,,,Unknown,Unknown,Interpolated from MAP.,,15,feet,1,feet,Unknown.,LMSL,JA,00,000,,,,,,,,,,NWIS
USGS-HI,USGS Hawaii Water Science Center,USGS-16880600,HIZA-GAWA AT KADENA OKINAWA,Stream,,,19.00,sq mi,,,,,,Unknown,Unknown,Interpolated from MAP.,,12,feet,1,feet,Unknown.,LMSL,JA,00,000,,,,,,,,,,NWIS
USGS-HI,USGS Hawaii Water Science Center,USGS-16880800,"Hiya-gawa at Ohana, Okinawa, Ryukyu Islands",Stream,,,2.2,sq mi,,,,,,1,minutes,Unknown.,,,,,,,,JA,00,000,,,,,,,,,,NWIS
USGS-HI,USGS Hawaii Water Science Center,USGS-16880900,"MACHINATO-GAWA NR OJANA, OKINAWA",Stream,,,1.70,sq mi,,,,,,Unknown,Unknown,Interpolated from MAP.,,180,feet,10,feet,Unknown.,LMSL,JA,00,000,,,,,,,,,,NWIS
USGS-HI,USGS Hawaii Water Science Center,USGS-16881200,"Kanegusuku-gawa at Kanegusuku, Okinawa, Ryukyu Is.",Stream,,,3.0,sq mi,,,,,,1,minutes,Unknown.,,,,,,,,JA,00,000,,,,,,,,,,NWIS
USGS-HI,USGS Hawaii Water Science Center,USGS-16881500,"Mukue-gawa near Itomancho, Okinawa, Ryukyu Islands",Stream,,,6.4,sq mi,,,,,,1,minutes,Unknown.,,,,,,,,JA,00,000,,,,,,,,,,NWIS
USGS-HI,USGS Hawaii Water Science Center,USGS-16882000,"TENGAN-GAWA AT YAMASHIRO, OKINAWA",Stream,,,0.80,sq mi,,,,,,Unknown,Unknown,Interpolated from MAP.,,,,,,,,JA,00,000,,,,,,,,,,NWIS
USGS-HI,USGS Hawaii Water Science Center,USGS-16882050,"TENGAN RESERVOIR AT YAMASHIRO, OKINAWA",Stream,,,1.00,sq mi,,,,,,Unknown,Unknown,Interpolated from MAP.,,,,,,,,JA,00,000,,,,,,,,,,NWIS
USGS-HI,USGS Hawaii Water Science Center,USGS-16882070,"TENGAN DAM SPILLWAY AT YAMASHIRO, OKINAWA",Stream,,,1.00,sq mi,,,,,,Unknown,Unknown,Interpolated from MAP.,,,,,,,,JA,00,000,,,,,,,,,,NWIS
USGS-HI,USGS Hawaii Water Science Center,USGS-16882100,TENGAN-GAWA BL TENGAN DAM OKINAWA,Stream,,,1.10,sq mi,,,,,,Unknown,Unknown,Interpolated from MAP.,,130,feet,10,feet,Unknown.,LMSL,JA,00,000,,,,,,,,,,NWIS
USGS-HI,USGS Hawaii Water Science Center,USGS-16882400,"TENGAN-GAWA AT TENGAN, OKINAWA",Stream,,,10.00,sq mi,,,,,,Unknown,Unknown,Interpolated from MAP.,,15,feet,1,feet,Unknown.,LMSL,JA,00,000,,,,,,,,,,NWIS
USGS-HI,USGS Hawaii Water Science Center,USGS-16882600,"OKUKUBI-GAWA AT KIN, OKINAWA",Stream,,,5.00,sq mi,,,,,,Unknown,Unknown,Interpolated from MAP.,,0.74,feet,.01,feet,Unknown.,LMSL,JA,00,000,,,,,,,,,,NWIS
USGS-HI,USGS Hawaii Water Science Center,USGS-16882800,"KANNA-GAWA NR KANNA, OKINAWA",Stream,,,0.90,sq mi,,,,,,Unknown,Unknown,Interpolated from MAP.,,70,feet,1,feet,Unknown.,LMSL,JA,00,000,,,,,,,,,,NWIS
USGS-HI,USGS Hawaii Water Science Center,USGS-16883000,"UFU-KAWA NEAR GINOZA, OKINAWA",Stream,,,1.30,sq mi,,,,,,Unknown,Unknown,Interpolated from MAP.,,120,feet,10,feet,Unknown.,LMSL,JA,00,000,,,,,,,,,,NWIS
USGS-HI,USGS Hawaii Water Science Center,USGS-16883300,"LEFT FORK O-KAWA NR KUSHI, OKINAWA",Stream,,,0.30,sq mi,,,,,,Unknown,Unknown,Interpolated from MAP.,,60,feet,1,feet,Unknown.,LMSL,JA,00,000,,,,,,,,,,NWIS
USGS-HI,USGS Hawaii Water Science Center,USGS-16883550,OURA-GAWA AT OKAWA OKINAWA,Stream,,,1.90,sq mi,,,,,,Unknown,Unknown,Interpolated from MAP.,,30,feet,1,feet,Unknown.,LMSL,JA,00,000,,,,,,,,,,NWIS
USGS-HI,USGS Hawaii Water Science Center,USGS-16884100,FUKUJI-GAWA NR YUBARU OKINAWA,Stream,,,5.80,sq mi,,,,,,Unknown,Unknown,Interpolated from MAP.,,130,feet,10,feet,Unknown.,LMSL,JA,00,000,,,,,,,,,,NWIS
USGS-HI,USGS Hawaii Water Science Center,USGS-16884200,FUKUJI-GAWA AT FUKUJI OKINAWA,Stream,,,12.00,sq mi,,,,,,Unknown,Unknown,Interpolated from MAP.,,10,feet,1,feet,Unknown.,LMSL,JA,00,000,,,,,,,,,,NWIS
USGS-HI,USGS Hawaii Water Science Center,USGS-16884300,"MIYAGI-GAWA AT MIYAGI, OKINAWA",Stream,,,1.80,sq mi,,,,,,Unknown,Unknown,Interpolated from MAP.,,20,feet,1,feet,Unknown.,LMSL,JA,00,000,,,,,,,,,,NWIS
USGS-HI,USGS Hawaii Water Science Center,USGS-16884500,"ARA-KAWA AT ARAKAWA, OKINAWA",Stream,,,3.80,sq mi,,,,,,Unknown,Unknown,Interpolated from MAP.,,150,feet,10,feet,Unknown.,LMSL,JA,00,000,,,,,,,,,,NWIS
USGS-HI,USGS Hawaii Water Science Center,USGS-16884600,"AHA-GAWA AT AHA, OKINAWA",Stream,,,9.50,sq mi,,,,,,Unknown,Unknown,Interpolated from MAP.,,10,feet,1,feet,Unknown.,LMSL,JA,00,000,,,,,,,,,,NWIS
USGS-HI,USGS Hawaii Water Science Center,USGS-16884800,FUN-GAWA NEAR AHA OKINAWA,Stream,,,3.30,sq mi,,,,,,Unknown,Unknown,Interpolated from MAP.,,,,,,,,JA,00,000,,,,,,,,,,NWIS