OrganizationIdentifier,OrganizationFormalName,MonitoringLocationIdentifier,MonitoringLocationName,MonitoringLocationTypeName,MonitoringLocationDescriptionText,HUCEightDigitCode,DrainageAreaMeasure/MeasureValue,DrainageAreaMeasure/MeasureUnitCode,ContributingDrainageAreaMeasure/MeasureValue,ContributingDrainageAreaMeasure/MeasureUnitCode,LatitudeMeasure,LongitudeMeasure,SourceMapScaleNumeric,HorizontalAccuracyMeasure/MeasureValue,HorizontalAccuracyMeasure/MeasureUnitCode,HorizontalCollectionMethodName,HorizontalCoordinateReferenceSystemDatumName,VerticalMeasure/MeasureValue,VerticalMeasure/MeasureUnitCode,VerticalAccuracyMeasure/MeasureValue,VerticalAccuracyMeasure/MeasureUnitCode,VerticalCollectionMethodName,VerticalCoordinateReferenceSystemDatumName,CountryCode,StateCode,CountyCode,AquiferName,LocalAqfrName,FormationTypeText,AquiferTypeName,ConstructionDateText,WellDepthMeasure/MeasureValue,WellDepthMeasure/MeasureUnitCode,WellHoleDepthMeasure/MeasureValue,WellHoleDepthMeasure/MeasureUnitCode,ProviderName
USGS-HI,USGS Hawaii Water Science Center,USGS-052655153272970,"35-2727-28 Kuttu W28, Mortlock IS, Chuuk, FSM",Well,,,,,,,,,,1,seconds,Interpolated from MAP.,,,,,,,,FM,64,050,,,,,,,,,,NWIS
USGS-HI,USGS Hawaii Water Science Center,USGS-052657153273270,"35-2727-26 Kuttu W26, Mortlock IS, Chuuk, FSM",Well,,,,,,,,,,1,seconds,Interpolated from MAP.,,,,,,,,FM,64,050,,,,,,,,,,NWIS
USGS-HI,USGS Hawaii Water Science Center,USGS-052701153272970,"35-2727-21 Kuttu W21, Mortlock IS, Chuuk, FSM",Well,,,,,,,,,,1,seconds,Interpolated from MAP.,,,,,,,,FM,64,050,,,,,,,,,,NWIS
USGS-HI,USGS Hawaii Water Science Center,USGS-052712153273170,"35-2727-13 Kuttu W13, Mortlock IS, Chuuk, FSM",Well,,,,,,,,,,1,seconds,Interpolated from MAP.,,,,,,,,FM,64,050,,,,,,,,,,NWIS
USGS-HI,USGS Hawaii Water Science Center,USGS-052914153321770,"35-2932-16 Moch W16, Mortlock IS, Chuuk, FSM",Well,,,,,,,,,,1,seconds,Interpolated from MAP.,,,,,,,,FM,64,050,,,,,,,,,,NWIS
USGS-HI,USGS Hawaii Water Science Center,USGS-052916153321470,"35-2932-17 Moch W17, Mortlock IS, Chuuk, FSM",Well,,,,,,,,,,1,seconds,Interpolated from MAP.,,,,,,,,FM,64,050,,,,,,,,,,NWIS
USGS-HI,USGS Hawaii Water Science Center,USGS-052917153321370,"35-2932-23 Moch W23, Mortlock IS, Chuuk, FSM",Well,,,,,,,,,,1,seconds,Interpolated from MAP.,,,,,,,,FM,64,050,,,,,,,,,,NWIS
USGS-HI,USGS Hawaii Water Science Center,USGS-052918153321470,"35-2932-18 Moch W18, Mortlock IS, Chuuk, FSM",Well,,,,,,,,,,1,seconds,Interpolated from MAP.,,,,,,,,FM,64,050,,,,,,,,,,NWIS
USGS-HI,USGS Hawaii Water Science Center,USGS-053445153343170,"35-3434-02 Etal W2, Mortlock IS, Chuuk, FSM",Well,,,,,,,,,,1,seconds,Interpolated from MAP.,,,,,,,,FM,64,050,,,,,,,,,,NWIS
USGS-HI,USGS Hawaii Water Science Center,USGS-053445153343570,"35-3434-14 Etal W14, Mortlock IS, Chuuk, FSM",Well,,,,,,,,,,1,seconds,Interpolated from MAP.,,,,,,,,FM,64,050,,,,,,,,,,NWIS
USGS-HI,USGS Hawaii Water Science Center,USGS-053446153344270,"35-3434-20 Etal W20, Mortlock IS, Chuuk, FSM",Well,,,,,,,,,,1,seconds,Interpolated from MAP.,,,,,,,,FM,64,050,,,,,,,,,,NWIS
USGS-HI,USGS Hawaii Water Science Center,USGS-053448153344470,"35-3434-21 Etal W21, Mortlock IS, Chuuk, FSM",Well,,,,,,,,,,1,seconds,Interpolated from MAP.,,,,,,,,FM,64,050,,,,,,,,,,NWIS
USGS-HI,USGS Hawaii Water Science Center,USGS-055525153065570,"35-5506-28 Namoluk W28, Mortlock IS, Chuuk, FSM",Well,,,,,,,,,,1,seconds,Interpolated from MAP.,,,,,,,,FM,64,050,,,,,,,,,,NWIS
USGS-HI,USGS Hawaii Water Science Center,USGS-055528153064270,"35-5506-29 Namoluk W29, Mortlock IS, Chuuk, FSM",Well,,,,,,,,,,1,seconds,Interpolated from MAP.,,,,,,,,FM,64,050,,,,,,,,,,NWIS
USGS-HI,USGS Hawaii Water Science Center,USGS-055534153064870,"35-5506-08 Namoluk W8, Mortlock IS, Chuuk, FSM",Well,,,,,,,,,,1,seconds,Interpolated from MAP.,,,,,,,,FM,64,050,,,,,,,,,,NWIS
USGS-HI,USGS Hawaii Water Science Center,USGS-055537153064570,"35-5506-12 Namoluk W12, Mortlock IS, Chuuk, FSM",Well,,,,,,,,,,1,seconds,Interpolated from MAP.,,,,,,,,FM,64,050,,,,,,,,,,NWIS
USGS-HI,USGS Hawaii Water Science Center,USGS-055541153063970,"35-5506-15 Namoluk W15, Mortlock IS, Chuuk, FSM",Well,,,,,,,,,,1,seconds,Interpolated from MAP.,,,,,,,,FM,64,050,,,,,,,,,,NWIS
USGS-HI,USGS Hawaii Water Science Center,USGS-064122149185470,"33-4118-02 Pulusuk W2, W Chuuk IS, Chuuk, FSM",Well,,,,,,,,,,1,seconds,Interpolated from MAP.,,,,,,,,FM,64,050,,,,,,,,,,NWIS
USGS-HI,USGS Hawaii Water Science Center,USGS-064127149184370,"33-4118-05 Pulusuk W5, W Chuuk IS, Chuuk, FSM",Well,,,,,,,,,,1,seconds,Interpolated from MAP.,,,,,,,,FM,64,050,,,,,,,,,,NWIS
USGS-HI,USGS Hawaii Water Science Center,USGS-064144149184970,"33-4118-08 Pulusuk Lake Lenom, Chuuk, FSM",Well,,,,,,,,,,1,seconds,Interpolated from MAP.,,,,,,,,FM,64,050,,,,,,,,,,NWIS
USGS-HI,USGS Hawaii Water Science Center,USGS-064148149184070,"33-4118-07 Pulusuk W7, W Chuuk IS, Chuuk, FSM",Well,,,,,,,,,,1,seconds,Interpolated from MAP.,,,,,,,,FM,64,050,,,,,,,,,,NWIS
USGS-HI,USGS Hawaii Water Science Center,USGS-065013152422170,"30-5042-03 Pis-Losap W9, Chuuk IS, FSM",Well,,,,,,,,,,1,seconds,Interpolated from MAP.,,,,,,,,FM,64,050,,,,,,,,,,NWIS
USGS-HI,USGS Hawaii Water Science Center,USGS-065015152420970,"30-5042-04 Pis-Losap W14, Chuuk IS, FSM",Well,,,,,,,,,,1,seconds,Interpolated from MAP.,,,,,,,,FM,64,050,,,,,,,,,,NWIS
USGS-HI,USGS Hawaii Water Science Center,USGS-065016152420970,"30-5042-02 Pis-Losap W7, Chuuk IS, FMS",Well,,,,,,,,,,1,seconds,Interpolated from MAP.,,,,,,,,FM,64,050,,,,,,,,,,NWIS
USGS-HI,USGS Hawaii Water Science Center,USGS-065017152422370,"30-5042-05 Pis-Losap W19, Chuuk IS, FSM",Well,,,,,,,,,,1,seconds,Interpolated from MAP.,,,,,,,,FM,64,050,,,,,,,,,,NWIS
USGS-HI,USGS Hawaii Water Science Center,USGS-065018152422170,"30-5042-01 Pis-Losap W4, Chuuk IS, FSM",Well,,,,,,,,,,1,seconds,Interpolated from MAP.,,,,,,,,FM,64,050,,,,,,,,,,NWIS
USGS-HI,USGS Hawaii Water Science Center,USGS-065334152440370,"30-5344-02 Losap W4, Chuuk IS, FSM",Well,,,,,,,,,,1,seconds,Interpolated from MAP.,,,,,,,,FM,64,050,,,,,,,,,,NWIS
USGS-HI,USGS Hawaii Water Science Center,USGS-065335152440370,"30-5344-03 Losap W5, Chuuk IS, FSM",Well,,,,,,,,,,1,seconds,Interpolated from MAP.,,,,,,,,FM,64,050,,,,,,,,,,NWIS
USGS-HI,USGS Hawaii Water Science Center,USGS-065336152440270,"30-5344-01 Losap W6, Chuuk IS, FSM",Well,,,,,,,,,,1,seconds,Interpolated from MAP.,,,,,,,,FM,64,050,,,,,,,,,,NWIS
USGS-HI,USGS Hawaii Water Science Center,USGS-065337152440470,"30-5344-04 Losap W9, Chuuk IS, FSM",Well,,,,,,,,,,1,seconds,Interpolated from MAP.,,,,,,,,FM,64,050,,,,,,,,,,NWIS
USGS-HI,USGS Hawaii Water Science Center,USGS-065341152435870,"30-5343-01 Losap W23, Chuuk IS, FSM",Well,,,,,,,,,,1,seconds,Interpolated from MAP.,,,,,,,,FM,64,050,,,,,,,,,,NWIS
USGS-HI,USGS Hawaii Water Science Center,USGS-065932152344570,"30-5934-01 Nama W3, Chuuk IS, FSM",Well,,,,,,,,,,1,seconds,Interpolated from MAP.,,,,,,,,FM,64,050,,,,,,,,,,NWIS
USGS-HI,USGS Hawaii Water Science Center,USGS-065934152344170,"30-5934-02 Nama W2, Chuuk IS, FSM",Well,,,,,,,,,,1,seconds,Interpolated from MAP.,,,,,,,,FM,64,050,,,,,,,,,,NWIS
USGS-HI,USGS Hawaii Water Science Center,USGS-070000152342970,"30-0034-01 Nama W9, Chuuk IS, FSM",Well,,,,,,,,,,1,seconds,Interpolated from MAP.,,,,,,,,FM,64,050,,,,,,,,,,NWIS
USGS-HI,USGS Hawaii Water Science Center,USGS-072121149114970,"33-2111-11 Puluwat W11, W Chuuk, FSM",Well,,,,,,,,,,1,seconds,Interpolated from MAP.,,,,,,,,FM,64,050,,,,,,,,,,NWIS
USGS-HI,USGS Hawaii Water Science Center,USGS-072130149115970,"33-2111-32 Puluwat W32, W Chuuk, FSM",Well,,,,,,,,,,1,seconds,Interpolated from MAP.,,,,,,,,FM,64,050,,,,,,,,,,NWIS
USGS-HI,USGS Hawaii Water Science Center,USGS-072133149115970,"33-2111-15 Puluwat W15, W Chuuk, FSM",Well,,,,,,,,,,1,seconds,Interpolated from MAP.,,,,,,,,FM,64,050,,,,,,,,,,NWIS
USGS-HI,USGS Hawaii Water Science Center,USGS-072134149115670,"33-2111-16 Puluwat W16, W Chuuk, FSM",Well,,,,,,,,,,1,seconds,Interpolated from MAP.,,,,,,,,FM,64,050,,,,,,,,,,NWIS
USGS-HI,USGS Hawaii Water Science Center,USGS-072145149114970,"33-2111-29 Puluwat W29, W Chuuk, FSM",Well,,,,,,,,,,1,seconds,Interpolated from MAP.,,,,,,,,FM,64,050,,,,,,,,,,NWIS
USGS-HI,USGS Hawaii Water Science Center,USGS-072236151521970,"Fansinifo Stream Intake, Dublon, Chuuk IS, FSM",Stream,,,,,,,,,,1,seconds,Interpolated from MAP.,,,,,,,,FM,64,050,,,,,,,,,,NWIS
USGS-HI,USGS Hawaii Water Science Center,USGS-072238151522770,"30-2252-03 Dublon W3, Chuuk, FSM, FSM",Well,,,,,,,,,,1,seconds,Interpolated from MAP.,,,,,,,,FM,64,050,,,,,,,,,,NWIS
USGS-HI,USGS Hawaii Water Science Center,USGS-072454151503870,"30-2450-01 W83-10 Moen, Chuuk IS, FSM",Well,,,,,,,,,,1,seconds,Interpolated from MAP.,,,,,,,,FM,64,050,,,,,,,,,,NWIS
USGS-HI,USGS Hawaii Water Science Center,USGS-072504151503370,"30-2550-02 W18 Moen, Chuuk IS, FSM",Well,,,,,,,,,,1,seconds,Interpolated from MAP.,,30,feet,1,feet,Unknown.,LMSL,FM,64,050,,,,,,,,,,NWIS
USGS-HI,USGS Hawaii Water Science Center,USGS-072517151505770,"30-2550-01 W17 Moen, Chuuk IS, FSM",Well,,,,,,,,,,1,seconds,Interpolated from MAP.,,,,,,,,FM,64,050,,,,,,,,,,NWIS
USGS-HI,USGS Hawaii Water Science Center,USGS-072617151503070,"30-2650-07 W83-9 Moen, Chuuk IS, FSM",Well,,,,,,,,,,1,seconds,Interpolated from MAP.,,,,,,,,FM,64,050,,,,,,,,,,NWIS
USGS-HI,USGS Hawaii Water Science Center,USGS-072647151505770,"30-2650-06 W6 Moen, Chuuk IS, FSM",Well,,,,,,,,,,1,seconds,Interpolated from MAP.,,,,,,,,FM,64,050,,,,,,,,,,NWIS
USGS-HI,USGS Hawaii Water Science Center,USGS-072654151511870,"30-2650-02 W2 Moen, Chuuk IS, FSM",Well,,,,,,,,,,1,seconds,Interpolated from MAP.,,,,,,,,FM,64,050,,,,,,,,,,NWIS
USGS-HI,USGS Hawaii Water Science Center,USGS-072658151511970,"30-2650-01 W1 Moen, Chuuk IS, FSM",Well,,,,,,,,,,1,seconds,Interpolated from MAP.,,,,,,,,FM,64,050,,,,,,,,,,NWIS
USGS-HI,USGS Hawaii Water Science Center,USGS-072701151512770,"30-2651-02 W9 Moen, Chuuk IS, FSM",Well,,,,,,,,,,1,seconds,Interpolated from MAP.,,,,,,,,FM,64,050,,,,,,,,,,NWIS
USGS-HI,USGS Hawaii Water Science Center,USGS-072702151512170,"30-2650-04 W8 Moen, Chuuk IS, FSM",Well,,,,,,,,,,1,seconds,Interpolated from MAP.,,,,,,,,FM,64,050,,,,,,,,,,NWIS
USGS-HI,USGS Hawaii Water Science Center,USGS-072702151512570,"30-2651-01 W7 Moen, Chuuk IS, FSM",Well,,,,,,,,,,1,seconds,Interpolated from MAP.,,,,,,,,FM,64,050,,,,,,,,,,NWIS
USGS-HI,USGS Hawaii Water Science Center,USGS-072704151505870,"30-2750-06 W5 Moen, Chuuk IS, FSM",Well,,,,,,,,,,1,seconds,Interpolated from MAP.,,,,,,,,FM,64,050,,,,,,,,,,NWIS
USGS-HI,USGS Hawaii Water Science Center,USGS-072704151511070,"30-2650-05 W10 Moen, Chuuk IS, FSM",Well,,,,,,,,,,1,seconds,Interpolated from MAP.,,,,,,,,FM,64,050,,,,,,,,,,NWIS
USGS-HI,USGS Hawaii Water Science Center,USGS-072705151503670,"30-2750-04 P Plant Well Moen, Chuuk IS, FSM",Well,,,,,,,,,,1,seconds,Interpolated from MAP.,,20,feet,1,feet,Unknown.,LMSL,FM,64,050,,,,,,,,,,NWIS
USGS-HI,USGS Hawaii Water Science Center,USGS-072705151505170,"30-2750-05 Million Gal Res Moen, Chuuk IS, FSM",Well,,,,,,,,,,1,seconds,Interpolated from MAP.,,150,feet,10,feet,Unknown.,LMSL,FM,64,050,,,,,,,,,,NWIS
USGS-HI,USGS Hawaii Water Science Center,USGS-072705151512670,"30-2651-04 W14 Moen, Chuuk IS, FSM",Well,,,,,,,,,,1,seconds,Interpolated from MAP.,,,,,,,,FM,64,050,,,,,,,,,,NWIS
USGS-HI,USGS Hawaii Water Science Center,USGS-072706151512470,"30-2651-03 W12 Moen, Chuuk IS, FSM",Well,,,,,,,,,,1,seconds,Interpolated from MAP.,,,,,,,,FM,64,050,,,,,,,,,,NWIS
USGS-HI,USGS Hawaii Water Science Center,USGS-072707151511070,"30-2750-02 W11 Moen, Chuuk IS, FSM",Well,,,,,,,,,,1,seconds,Interpolated from MAP.,,,,,,,,FM,64,050,,,,,,,,,,NWIS
USGS-HI,USGS Hawaii Water Science Center,USGS-072707151512070,"30-2650-03 W4 Moen, Chuuk IS, FSM",Well,,,,,,,,,,1,seconds,Interpolated from MAP.,,,,,,,,FM,64,050,,,,,,,,,,NWIS
USGS-HI,USGS Hawaii Water Science Center,USGS-072708151511770,"30-2705-01 W3 Moen, Chuuk IS, FSM",Well,,,,,,,,,,1,seconds,Interpolated from MAP.,,,,,,,,FM,64,050,,,,,,,,,,NWIS
USGS-HI,USGS Hawaii Water Science Center,USGS-072708151512170,"30-2750-03 W13 Moen, Chuuk IS, FSM",Well,,,,,,,,,,1,seconds,Interpolated from MAP.,,,,,,,,FM,64,050,,,,,,,,,,NWIS
USGS-HI,USGS Hawaii Water Science Center,USGS-072710151512570,"30-2751-01 W15 Moen, Chuuk IS, FSM",Well,,,,,,,,,,1,seconds,Interpolated from MAP.,,,,,,,,FM,64,050,,,,,,,,,,NWIS
USGS-HI,USGS Hawaii Water Science Center,USGS-072719151510770,"30-2751-02 W16 Moen, Chuuk IS, FSM",Well,,,,,,,,,,1,seconds,Interpolated from MAP.,,,,,,,,FM,64,050,,,,,,,,,,NWIS
USGS-HI,USGS Hawaii Water Science Center,USGS-072800151510070,"Precip Tritium Site, Chuuk, FSM",Atmosphere,,,,,,,,,,1,seconds,Interpolated from MAP.,,,,,,,,FM,64,050,,,,,,,,,,NWIS
USGS-HI,USGS Hawaii Water Science Center,USGS-073240149241470,"33-3224-02 Tamatam W2, W Chuuk IS, FSM",Well,,,,,,,,,,1,seconds,Interpolated from MAP.,,,,,,,,FM,64,050,,,,,,,,,,NWIS
USGS-HI,USGS Hawaii Water Science Center,USGS-073243149241970,"33-3224-03 Tamatam W3, W Chuuk IS, FSM",Well,,,,,,,,,,1,seconds,Interpolated from MAP.,,,,,,,,FM,64,050,,,,,,,,,,NWIS
USGS-HI,USGS Hawaii Water Science Center,USGS-073244149241870,"33-3224-05 Tamatam W5, W Chuuk IS, FSM",Well,,,,,,,,,,1,seconds,Interpolated from MAP.,,,,,,,,FM,64,050,,,,,,,,,,NWIS
USGS-HI,USGS Hawaii Water Science Center,USGS-073245149241470,"33-3224-01 Tamatam W1, W Chuuk IS, FSM",Well,,,,,,,,,,1,seconds,Interpolated from MAP.,,,,,,,,FM,64,050,,,,,,,,,,NWIS
USGS-HI,USGS Hawaii Water Science Center,USGS-073834149250470,"33-3825-11 Pulap W11, W Chuuk IS, FSM",Well,,,,,,,,,,1,seconds,Interpolated from MAP.,,,,,,,,FM,64,050,,,,,,,,,,NWIS
USGS-HI,USGS Hawaii Water Science Center,USGS-073839149250570,"33-3825-08 Pulap W8, W Chuuk, FSM",Well,,,,,,,,,,1,seconds,Interpolated from MAP.,,,,,,,,FM,64,050,,,,,,,,,,NWIS
USGS-HI,USGS Hawaii Water Science Center,USGS-073841149250570,"33-3825-07 Pulap W7, W Chuuk, FSM",Well,,,,,,,,,,1,seconds,Interpolated from MAP.,,,,,,,,FM,64,050,,,,,,,,,,NWIS
USGS-HI,USGS Hawaii Water Science Center,USGS-082520151450170,"31-2545-21 Nomwin W21, Hall IS, Chuuk, FSM",Well,,,,,,,,,,1,seconds,Interpolated from MAP.,,,,,,,,FM,64,050,,,,,,,,,,NWIS
USGS-HI,USGS Hawaii Water Science Center,USGS-082521151445870,"31-2544-09 Nomwin W9, Hall IS, Chuuk, FSM",Well,,,,,,,,,,1,seconds,Interpolated from MAP.,,,,,,,,FM,64,050,,,,,,,,,,NWIS
USGS-HI,USGS Hawaii Water Science Center,USGS-082522151444070,"31-2544-02 Nomwin W2, Hall IS, Chuuk IS",Well,,,,,,,,,,1,seconds,Interpolated from MAP.,,,,,,,,FM,64,050,,,,,,,,,,NWIS
USGS-HI,USGS Hawaii Water Science Center,USGS-083325151535670,"31-3353-06 Fananu W6, Nomwin Atoll, Hall IS, FSM",Well,,,,,,,,,,1,seconds,Interpolated from MAP.,,,,,,,,FM,64,050,,,,,,,,,,NWIS
USGS-HI,USGS Hawaii Water Science Center,USGS-083500149393370,"32-3539-20 Ulul W20, Magur IS, Chuuk, FSM",Well,,,,,,,,,,1,seconds,Interpolated from MAP.,,,,,,,,FM,64,050,,,,,,,,,,NWIS
USGS-HI,USGS Hawaii Water Science Center,USGS-083500149393970,"32-3539-33 Ulul W33, Magur IS, Chuuk, FSM",Well,,,,,,,,,,1,seconds,Interpolated from MAP.,,,,,,,,FM,64,050,,,,,,,,,,NWIS
USGS-HI,USGS Hawaii Water Science Center,USGS-083503150242070,"32-3524-05 Pisarach W5, Magur IS, Chuuk, FSM",Well,,,,,,,,,,1,seconds,Interpolated from MAP.,,,,,,,,FM,64,050,,,,,,,,,,NWIS
USGS-HI,USGS Hawaii Water Science Center,USGS-083504149392070,"32-3539-01 Ulul W1, Magur IS, Chuuk IS",Well,,,,,,,,,,1,seconds,Interpolated from MAP.,,,,,,,,FM,64,050,,,,,,,,,,NWIS
USGS-HI,USGS Hawaii Water Science Center,USGS-083618152144070,"31-3614-04 Ruo W4, Hall IS, Chuuk, FSM",Well,,,,,,,,,,1,seconds,Interpolated from MAP.,,,,,,,,FM,64,050,,,,,,,,,,NWIS
USGS-HI,USGS Hawaii Water Science Center,USGS-084111152203770,"31-4120-14 Murilo W14, Hall IS, Chuuk, FSM",Well,,,,,,,,,,1,seconds,Interpolated from MAP.,,,,,,,,FM,64,050,,,,,,,,,,NWIS
USGS-HI,USGS Hawaii Water Science Center,USGS-084118152203570,"31-4120-01 Murilo W1, Hall IS, Chuuk, FSM",Well,,,,,,,,,,1,seconds,Interpolated from MAP.,,,,,,,,FM,64,050,,,,,,,,,,NWIS
USGS-HI,USGS Hawaii Water Science Center,USGS-084118152203770,"31-4120-04 Murilo W4, Hall IS, Chuuk, FSM",Well,,,,,,,,,,1,seconds,Interpolated from MAP.,,,,,,,,FM,64,050,,,,,,,,,,NWIS
USGS-HI,USGS Hawaii Water Science Center,USGS-084125152203970,"31-4120-07 Murilo W7, Hall IS, Chuuk, FSM",Well,,,,,,,,,,1,seconds,Interpolated from MAP.,,,,,,,,FM,64,050,,,,,,,,,,NWIS
USGS-HI,USGS Hawaii Water Science Center,USGS-084750150170070,"32-4717-01 Ono W1, Magur IS, Chuuk, FSM",Well,,,,,,,,,,1,seconds,Interpolated from MAP.,,,,,,,,FM,64,050,,,,,,,,,,NWIS
USGS-HI,USGS Hawaii Water Science Center,USGS-16893700,"Wichen River at alt 55m, Moen, Chuuk IS, FSM",Stream,,,0.21,sq mi,,,,,,1,seconds,Interpolated from MAP.,,180,feet,10,feet,Unknown.,LMSL,FM,64,050,,,,,,,,,,NWIS
USGS-HI,USGS Hawaii Water Science Center,USGS-16893800,"Wichen River at alt 18m, Moen, Chuuk IS, FSM",Stream,,,0.57,sq mi,,,,,,1,seconds,Interpolated from MAP.,,60,feet,1,feet,Unknown.,LMSL,FM,64,050,,,,,,,,,,NWIS
USGS-HI,USGS Hawaii Water Science Center,USGS-16893870,"Pou Res Intake (6-in pipe), Moen, Chuuk IS, FSM","Lake, Reservoir, Impoundment",,,,,,,,,,1,seconds,Interpolated from MAP.,,,,,,,,FM,64,050,,,,,,,,,,NWIS
USGS-HI,USGS Hawaii Water Science Center,USGS-16893880,"Pou Reservoir (outflow), Moen, Chuuk IS, FSM","Lake, Reservoir, Impoundment",,,,,,,,,,1,seconds,Interpolated from MAP.,,230,feet,10,feet,Unknown.,LMSL,FM,64,050,,,,,,,,,,NWIS
USGS-HI,USGS Hawaii Water Science Center,USGS-16893900,"Pou Stream, Moen, Chuuk IS, FSM",Stream,,,0.20,sq mi,,,,,,1,seconds,Interpolated from MAP.,,65,feet,1,feet,Unknown.,LMSL,FM,64,050,,,,,,,,,,NWIS
USGS-HI,USGS Hawaii Water Science Center,USGS-16894100,"Faichia Stream, Moen, Chuuk IS, FSM",Stream,,,0.05,sq mi,,,,,,1,seconds,Interpolated from MAP.,,13,feet,1,feet,Unknown.,LMSL,FM,64,050,,,,,,,,,,NWIS
USGS-HI,USGS Hawaii Water Science Center,USGS-16894200,"Nachiponong Stream, Moen, Chuuk IS, FSM",Stream,,,0.14,sq mi,,,,,,1,seconds,Interpolated from MAP.,,33,feet,1,feet,Unknown.,LMSL,FM,64,050,,,,,,,,,,NWIS
USGS-HI,USGS Hawaii Water Science Center,USGS-16894300,"Nefounumas Spring, Moen, Chuuk IS, FSM",Spring,,,,,,,,,,1,seconds,Interpolated from MAP.,,60,feet,1,feet,Unknown.,LMSL,FM,64,050,,,,,,,,,,NWIS
USGS-HI,USGS Hawaii Water Science Center,USGS-16895000,"Echapachik Stream, Tol, Chuuk IS, FSM",Stream,,,0.11,sq mi,,,,,,1,seconds,Interpolated from MAP.,,20,feet,1,feet,Unknown.,LMSL,FM,64,050,,,,,,,,,,NWIS
USGS-HI,USGS Hawaii Water Science Center,USGS-16895100,"Afeibung Stream, Tol, Chuuk IS, FSM",Stream,,,0.09,sq mi,,,,,,1,seconds,Interpolated from MAP.,,20,feet,1,feet,Unknown.,LMSL,FM,64,050,,,,,,,,,,NWIS
USGS-HI,USGS Hawaii Water Science Center,USGS-16895600,"Imor Stream, Tol, Chuuk IS, FSM",Stream,,,0.02,sq mi,,,,,,1,seconds,Interpolated from MAP.,,35,feet,1,feet,Unknown.,LMSL,FM,64,050,,,,,,,,,,NWIS
USGS-HI,USGS Hawaii Water Science Center,USGS-16896800,"Chun Stream, Dublon, Chuuk IS, FSM",Stream,,,0.12,sq mi,,,,,,1,seconds,Interpolated from MAP.,,25,feet,1,feet,Unknown.,LMSL,FM,64,050,,,,,,,,,,NWIS
USGS-HI,USGS Hawaii Water Science Center,USGS-16897000,"Fansinifo Stream, Dublon, Chuuk IS, FSM",Stream,,,0.08,sq mi,,,,,,1,seconds,Interpolated from MAP.,,80,feet,1,feet,Unknown.,LMSL,FM,64,050,,,,,,,,,,NWIS
USGS-HI,USGS Hawaii Water Science Center,USGS-16897200,"Tumunu Stream, Dublon, Chuuk IS, FSM",Stream,,,0.28,sq mi,,,7.37606944000000,151.8741667000000,24000,1,seconds,Interpolated from Digital MAP.,NAD83,25,feet,20,feet,Interpolated from topographic map.,LMSL,FM,64,050,,,,,,,,,,NWIS