OrganizationIdentifier,OrganizationFormalName,MonitoringLocationIdentifier,MonitoringLocationName,MonitoringLocationTypeName,MonitoringLocationDescriptionText,HUCEightDigitCode,DrainageAreaMeasure/MeasureValue,DrainageAreaMeasure/MeasureUnitCode,ContributingDrainageAreaMeasure/MeasureValue,ContributingDrainageAreaMeasure/MeasureUnitCode,LatitudeMeasure,LongitudeMeasure,SourceMapScaleNumeric,HorizontalAccuracyMeasure/MeasureValue,HorizontalAccuracyMeasure/MeasureUnitCode,HorizontalCollectionMethodName,HorizontalCoordinateReferenceSystemDatumName,VerticalMeasure/MeasureValue,VerticalMeasure/MeasureUnitCode,VerticalAccuracyMeasure/MeasureValue,VerticalAccuracyMeasure/MeasureUnitCode,VerticalCollectionMethodName,VerticalCoordinateReferenceSystemDatumName,CountryCode,StateCode,CountyCode,AquiferName,LocalAqfrName,FormationTypeText,AquiferTypeName,ConstructionDateText,WellDepthMeasure/MeasureValue,WellDepthMeasure/MeasureUnitCode,WellHoleDepthMeasure/MeasureValue,WellHoleDepthMeasure/MeasureUnitCode,ProviderName
USGS-HI,USGS Hawaii Water Science Center,USGS-051926163002670,"44-1900-01 W4 Tofol, Kosrae, FSM",Well,,,,,,,,,,1,seconds,Interpolated from MAP.,,,,,,,,FM,64,005,,,,,,,,,,NWIS
USGS-HI,USGS Hawaii Water Science Center,USGS-051930163003170,"44-1900-02 W8 Tofol, Kosrae, FSM",Well,,,,,,,5.32623611000000,163.0072806000000,24000,1,seconds,Interpolated from MAP.,NAD83,67,feet,20,feet,Interpolated from Digital Elevation Model,LMSL,FM,64,005,,,,,,,,,,NWIS
USGS-HI,USGS Hawaii Water Science Center,USGS-051943162593370,"Mt MutunteRG at Srono, Kosrae, FSM",Atmosphere,,,,,,,,,,1,seconds,Interpolated from MAP.,,,,,,,,FM,64,005,,,,,,,,,,NWIS
USGS-HI,USGS Hawaii Water Science Center,USGS-051953163000970,"44-1900-03 W3 Innem, Kosrae, FSM",Well,,,,,,,,,,1,seconds,Interpolated from MAP.,,,,,,,,FM,64,005,,,,,,,,,,NWIS
USGS-HI,USGS Hawaii Water Science Center,USGS-051954163012301,"Siba Rain Catchment at Lele, Kosrae, FSM",Atmosphere,,,,,,,,,,1,seconds,Interpolated from MAP.,,,,,,,,FM,64,005,,,,,,,,,,NWIS
USGS-HI,USGS Hawaii Water Science Center,USGS-052136162585670,"44-2158-01 Tafunsak Well G, Kosrae, FSM",Well,,,,,,,,,,1,seconds,Interpolated from MAP.,,,,,,,,FM,64,005,,,,,,,,,,NWIS
USGS-HI,USGS Hawaii Water Science Center,USGS-052148162592370,"44-2159-01 Tafunsak Well A, Kosrae, FSM",Well,,,,,,,,,,1,seconds,Interpolated from MAP.,,,,,,,,FM,64,005,,,,,,,,,,NWIS
USGS-HI,USGS Hawaii Water Science Center,USGS-052149162591470,"44-2159-03 Tafunsak Well D, Kosrae, FSM",Well,,,,,,,,,,1,seconds,Interpolated from MAP.,,,,,,,,FM,64,005,,,,,,,,,,NWIS
USGS-HI,USGS Hawaii Water Science Center,USGS-052149162592070,"44-2159-02 Tafunsak Well B, Kosrae, FSM",Well,,,,,,,,,,1,seconds,Interpolated from MAP.,,,,,,,,FM,64,005,,,,,,,,,,NWIS
USGS-HI,USGS Hawaii Water Science Center,USGS-052150162593170,"44-2159-04 Tafunsak Well K, Kosrae, FSM",Well,,,,,,,,,,1,seconds,Interpolated from MAP.,,,,,,,,FM,64,005,,,,,,,,,,NWIS
USGS-HI,USGS Hawaii Water Science Center,USGS-052205163005570,"Civil Action Team RG nr Mutunte, Kosrae, FSM",Atmosphere,,,,,,,,,,1,seconds,Interpolated from MAP.,,,,,,,,FM,64,005,,,,,,,,,,NWIS
USGS-HI,USGS Hawaii Water Science Center,USGS-16899480,"Mutunte River above new dam, Kosrae, FSM",Stream,,,,,,,,,,1,seconds,Interpolated from MAP.,,,,,,,,FM,64,005,,,,,,,,,,NWIS
USGS-HI,USGS Hawaii Water Science Center,USGS-16899490,"Mutunte River abv new dam, Kosrae, FSM",Stream,,,,,,,,,,1,seconds,Interpolated from MAP.,,,,,,,,FM,64,005,,,,,,,,,,NWIS
USGS-HI,USGS Hawaii Water Science Center,USGS-16899500,"Mutunte River, Kosrae, FSM",Stream,,,0.52,sq mi,,,,,,1,seconds,Interpolated from MAP.,,46,feet,10,feet,Interpolated from topographic map.,LMSL,FM,64,005,,,,,,,,,,NWIS
USGS-HI,USGS Hawaii Water Science Center,USGS-16899600,"Okat River, Kosrae, FSM",Stream,,,1.94,sq mi,,,,,,1,seconds,Interpolated from MAP.,,13,feet,1,feet,Unknown.,LMSL,FM,64,005,,,,,,,,,,NWIS
USGS-HI,USGS Hawaii Water Science Center,USGS-16899620,"Melo River, Kosrae, FSM",Stream,,,0.68,sq mi,,,,,,1,seconds,Interpolated from MAP.,,20,feet,1,feet,Unknown.,LMSL,FM,64,005,,,,,,,,,,NWIS
USGS-HI,USGS Hawaii Water Science Center,USGS-16899670,"Mwot River, Kosrae, FSM",Stream,,,0.79,sq mi,,,,,,1,seconds,Interpolated from MAP.,,50,feet,1,feet,Unknown.,LMSL,FM,64,005,,,,,,,,,,NWIS
USGS-HI,USGS Hawaii Water Science Center,USGS-16899680,"Walung River Kosrae, FSM",Stream,,,,,0.03,sq mi,,,,1,seconds,Interpolated from MAP.,,65,feet,1,feet,Unknown.,LMSL,FM,64,005,,,,,,,,,,NWIS
USGS-HI,USGS Hawaii Water Science Center,USGS-16899690,"Finkol River, Kosrae, FSM",Stream,,,,,1.70,sq mi,,,,1,seconds,Interpolated from MAP.,,25,feet,1,feet,Unknown.,LMSL,FM,64,005,,,,,,,,,,NWIS
USGS-HI,USGS Hawaii Water Science Center,USGS-16899700,"Palusrik River, Kosrae, FSM",Stream,,,0.45,sq mi,,,,,,1,seconds,Interpolated from MAP.,,100,feet,10,feet,Unknown.,LMSL,FM,64,005,,,,,,,,,,NWIS
USGS-HI,USGS Hawaii Water Science Center,USGS-16899750,"Malem River, Kosrae, FSM",Stream,,,0.76,sq mi,,,,,,1,seconds,Interpolated from MAP.,,95,feet,1,feet,Unknown.,LMSL,FM,64,005,,,,,,,,,,NWIS
USGS-HI,USGS Hawaii Water Science Center,USGS-16899780,"Tafuyat River, Kosrae, FSM",Stream,,,0.27,sq mi,,,,,,1,seconds,Interpolated from MAP.,,95,feet,1,feet,Unknown.,LMSL,FM,64,005,,,,,,,,,,NWIS
USGS-HI,USGS Hawaii Water Science Center,USGS-16899800,"Tofol River, Kosrae, FSM",Stream,,,0.53,sq mi,,,,,,1,seconds,Interpolated from MAP.,,98,feet,1,feet,Unknown.,LMSL,FM,64,005,,,,,,,,,,NWIS
USGS-HI,USGS Hawaii Water Science Center,USGS-16899830,"Innem River, Kosrae, FSM",Stream,,,1.82,sq mi,,,,,,1,seconds,Interpolated from MAP.,,10,feet,1,feet,Unknown.,LMSL,FM,64,005,,,,,,,,,,NWIS
USGS-HI,USGS Hawaii Water Science Center,USGS-16899850,"Pukusruk River, Kosrae, FSM",Stream,,,0.27,sq mi,,,,,,1,seconds,Interpolated from MAP.,,175,feet,1,feet,Unknown.,LMSL,FM,64,005,,,,,,,,,,NWIS
USGS-HI,USGS Hawaii Water Science Center,USGS-16899851,"Siba Faucet, Kosrae, FSM",Stream,,,,,,,,,,1,seconds,Interpolated from MAP.,,,,,,,,FM,64,005,,,,,,,,,,NWIS
USGS-HI,USGS Hawaii Water Science Center,USGS-16899900,"Yekula River, Kosrae, FSM",Stream,,,,,,,,,,1,seconds,Interpolated from MAP.,,15,feet,1,feet,Unknown.,LMSL,FM,64,005,,,,,,,,,,NWIS