OrganizationIdentifier,OrganizationFormalName,MonitoringLocationIdentifier,MonitoringLocationName,MonitoringLocationTypeName,MonitoringLocationDescriptionText,HUCEightDigitCode,DrainageAreaMeasure/MeasureValue,DrainageAreaMeasure/MeasureUnitCode,ContributingDrainageAreaMeasure/MeasureValue,ContributingDrainageAreaMeasure/MeasureUnitCode,LatitudeMeasure,LongitudeMeasure,SourceMapScaleNumeric,HorizontalAccuracyMeasure/MeasureValue,HorizontalAccuracyMeasure/MeasureUnitCode,HorizontalCollectionMethodName,HorizontalCoordinateReferenceSystemDatumName,VerticalMeasure/MeasureValue,VerticalMeasure/MeasureUnitCode,VerticalAccuracyMeasure/MeasureValue,VerticalAccuracyMeasure/MeasureUnitCode,VerticalCollectionMethodName,VerticalCoordinateReferenceSystemDatumName,CountryCode,StateCode,CountyCode,AquiferName,LocalAqfrName,FormationTypeText,AquiferTypeName,ConstructionDateText,WellDepthMeasure/MeasureValue,WellDepthMeasure/MeasureUnitCode,WellHoleDepthMeasure/MeasureValue,WellHoleDepthMeasure/MeasureUnitCode,ProviderName
EMAP_CS,Environmental Monitoring and Assessment Program,EMAP_CS-MX02-0001,Laguna Tamiahua,Estuary,Survey design weighting factor=48.71,,,,,,22.0210000,-97.7410000,,,,GPS Code (Pseudo Range) Differential,NAD83,0,ft,,,,Unknown,MX,30,000,,,,,,,,,,STORET
EMAP_CS,Environmental Monitoring and Assessment Program,EMAP_CS-MX02-0002,Laguna Tamiahua,Estuary,Survey design weighting factor=48.71,,,,,,21.9690000,-97.7300000,,,,GPS Code (Pseudo Range) Differential,NAD83,0,ft,,,,Unknown,MX,30,000,,,,,,,,,,STORET
EMAP_CS,Environmental Monitoring and Assessment Program,EMAP_CS-MX02-0003,Laguna Tamiahua,Estuary,Survey design weighting factor=48.71,,,,,,21.8220000,-97.6380000,,,,GPS Code (Pseudo Range) Differential,NAD83,0,ft,,,,Unknown,MX,30,000,,,,,,,,,,STORET
EMAP_CS,Environmental Monitoring and Assessment Program,EMAP_CS-MX02-0004,Laguna Tamiahua,Estuary,Survey design weighting factor=48.71,,,,,,21.7550000,-97.5970000,,,,GPS Code (Pseudo Range) Differential,NAD83,0,ft,,,,Unknown,MX,30,000,,,,,,,,,,STORET
EMAP_CS,Environmental Monitoring and Assessment Program,EMAP_CS-MX02-0005,Laguna Tamiahua,Estuary,Survey design weighting factor=48.71,,,,,,21.7390000,-97.6510000,,,,GPS Code (Pseudo Range) Differential,NAD83,0,ft,,,,Unknown,MX,30,000,,,,,,,,,,STORET
EMAP_CS,Environmental Monitoring and Assessment Program,EMAP_CS-MX02-0006,Laguna Tamiahua,Estuary,Survey design weighting factor=48.71,,,,,,21.6890000,-97.6560000,,,,GPS Code (Pseudo Range) Differential,NAD83,0,ft,,,,Unknown,MX,30,000,,,,,,,,,,STORET
EMAP_CS,Environmental Monitoring and Assessment Program,EMAP_CS-MX02-0007,Laguna Tamiahua,Estuary,Survey design weighting factor=48.71,,,,,,21.6730000,-97.5750000,,,,GPS Code (Pseudo Range) Differential,NAD83,0,ft,,,,Unknown,MX,30,000,,,,,,,,,,STORET
EMAP_CS,Environmental Monitoring and Assessment Program,EMAP_CS-MX02-0008,Laguna Tamiahua,Estuary,Survey design weighting factor=48.71,,,,,,21.6510000,-97.6400000,,,,GPS Code (Pseudo Range) Differential,NAD83,0,ft,,,,Unknown,MX,30,000,,,,,,,,,,STORET
EMAP_CS,Environmental Monitoring and Assessment Program,EMAP_CS-MX02-0009,Laguna Tamiahua,Estuary,Survey design weighting factor=48.71,,,,,,21.6660000,-97.5090000,,,,GPS Code (Pseudo Range) Differential,NAD83,0,ft,,,,Unknown,MX,30,000,,,,,,,,,,STORET
EMAP_CS,Environmental Monitoring and Assessment Program,EMAP_CS-MX02-0010,Laguna Tamiahua,Estuary,Survey design weighting factor=48.71,,,,,,21.6480000,-97.5940000,,,,GPS Code (Pseudo Range) Differential,NAD83,0,ft,,,,Unknown,MX,30,000,,,,,,,,,,STORET
EMAP_CS,Environmental Monitoring and Assessment Program,EMAP_CS-MX02-0011,Laguna Tamiahua,Estuary,Survey design weighting factor=48.71,,,,,,21.5960000,-97.5020000,,,,GPS Code (Pseudo Range) Differential,NAD83,0,ft,,,,Unknown,MX,30,000,,,,,,,,,,STORET
EMAP_CS,Environmental Monitoring and Assessment Program,EMAP_CS-MX02-0012,Laguna Tamiahua,Estuary,Survey design weighting factor=48.71,,,,,,21.5930000,-97.5510000,,,,GPS Code (Pseudo Range) Differential,NAD83,0,ft,,,,Unknown,MX,30,000,,,,,,,,,,STORET
EMAP_CS,Environmental Monitoring and Assessment Program,EMAP_CS-MX02-0013,Laguna Tamiahua,Estuary,Survey design weighting factor=48.71,,,,,,21.5320000,-97.4430000,,,,GPS Code (Pseudo Range) Differential,NAD83,0,ft,,,,Unknown,MX,30,000,,,,,,,,,,STORET
EMAP_CS,Environmental Monitoring and Assessment Program,EMAP_CS-MX02-0014,Laguna Tamiahua,Estuary,Survey design weighting factor=48.71,,,,,,21.5160000,-97.4960000,,,,GPS Code (Pseudo Range) Differential,NAD83,0,ft,,,,Unknown,MX,30,000,,,,,,,,,,STORET
EMAP_CS,Environmental Monitoring and Assessment Program,EMAP_CS-MX02-0015,Laguna Tamiahua,Estuary,Survey design weighting factor=48.71,,,,,,21.4930000,-97.4250000,,,,GPS Code (Pseudo Range) Differential,NAD83,0,ft,,,,Unknown,MX,30,000,,,,,,,,,,STORET
EMAP_CS,Environmental Monitoring and Assessment Program,EMAP_CS-MX02-0016,Bahia Vergara,Estuary,Survey design weighting factor=13.86,,,,,,19.2240000,-96.1510000,,,,GPS Code (Pseudo Range) Differential,NAD83,0,ft,,,,Unknown,MX,30,000,,,,,,,,,,STORET
EMAP_CS,Environmental Monitoring and Assessment Program,EMAP_CS-MX02-0017,Laguna Alvarado,Estuary,Survey design weighting factor=13.86,,,,,,18.8390000,-95.9340000,,,,GPS Code (Pseudo Range) Differential,NAD83,0,ft,,,,Unknown,MX,30,000,,,,,,,,,,STORET
EMAP_CS,Environmental Monitoring and Assessment Program,EMAP_CS-MX02-0018,Laguna Alvarado,Estuary,Survey design weighting factor=13.86,,,,,,18.8070000,-95.8790000,,,,GPS Code (Pseudo Range) Differential,NAD83,0,ft,,,,Unknown,MX,30,000,,,,,,,,,,STORET
EMAP_CS,Environmental Monitoring and Assessment Program,EMAP_CS-MX02-0019,Laguna Alvarado,Estuary,Survey design weighting factor=13.86,,,,,,18.7930000,-95.8330000,,,,GPS Code (Pseudo Range) Differential,NAD83,0,ft,,,,Unknown,MX,30,000,,,,,,,,,,STORET
EMAP_CS,Environmental Monitoring and Assessment Program,EMAP_CS-MX02-0020,Laguna Alvarado,Estuary,Survey design weighting factor=13.86,,,,,,18.7730000,-95.8040000,,,,GPS Code (Pseudo Range) Differential,NAD83,0,ft,,,,Unknown,MX,30,000,,,,,,,,,,STORET
EMAP_CS,Environmental Monitoring and Assessment Program,EMAP_CS-MX02-0021,Rio Papaloapan,Estuary,Survey design weighting factor=13.86,,,,,,18.7130000,-95.6400000,,,,GPS Code (Pseudo Range) Differential,NAD83,0,ft,,,,Unknown,MX,30,000,,,,,,,,,,STORET
EMAP_CS,Environmental Monitoring and Assessment Program,EMAP_CS-MX02-0022,Rio Papaloapan,Estuary,Survey design weighting factor=13.86,,,,,,18.6740000,-95.5930000,,,,GPS Code (Pseudo Range) Differential,NAD83,0,ft,,,,Unknown,MX,30,000,,,,,,,,,,STORET
EMAP_CS,Environmental Monitoring and Assessment Program,EMAP_CS-MX02-0023,Laguna Ostion,Estuary,Survey design weighting factor=13.86,,,,,,18.2130000,-94.6280000,,,,GPS Code (Pseudo Range) Differential,NAD83,0,ft,,,,Unknown,MX,30,000,,,,,,,,,,STORET
EMAP_CS,Environmental Monitoring and Assessment Program,EMAP_CS-MX02-0024,Laguna Ostion,Estuary,Survey design weighting factor=13.86,,,,,,18.1760000,-94.6340000,,,,GPS Code (Pseudo Range) Differential,NAD83,0,ft,,,,Unknown,MX,30,000,,,,,,,,,,STORET
EMAP_CS,Environmental Monitoring and Assessment Program,EMAP_CS-MX02-0025,Laguna Ostion,Estuary,Survey design weighting factor=13.86,,,,,,18.1860000,-94.5930000,,,,GPS Code (Pseudo Range) Differential,NAD83,0,ft,,,,Unknown,MX,30,000,,,,,,,,,,STORET
EMAP_CS,Environmental Monitoring and Assessment Program,EMAP_CS-MX02-0026,Rio Panuco,Estuary,Survey design weighting factor=1.95,,,,,,22.2620000,-97.7850000,,,,GPS Code (Pseudo Range) Differential,NAD83,0,ft,,,,Unknown,MX,30,000,,,,,,,,,,STORET
EMAP_CS,Environmental Monitoring and Assessment Program,EMAP_CS-MX02-0027,Rio Tuxpan,Estuary,Survey design weighting factor=1.95,,,,,,20.9630000,-97.3310000,,,,GPS Code (Pseudo Range) Differential,NAD83,0,ft,,,,Unknown,MX,30,000,,,,,,,,,,STORET
EMAP_CS,Environmental Monitoring and Assessment Program,EMAP_CS-MX02-0028,Rio Tuxpan,Estuary,Survey design weighting factor=1.95,,,,,,20.9630000,-97.3280000,,,,GPS Code (Pseudo Range) Differential,NAD83,0,ft,,,,Unknown,MX,30,000,,,,,,,,,,STORET
EMAP_CS,Environmental Monitoring and Assessment Program,EMAP_CS-MX02-0029,Rio Teculutla,Estuary,Survey design weighting factor=1.95,,,,,,20.4740000,-97.0200000,,,,GPS Code (Pseudo Range) Differential,NAD83,0,ft,,,,Unknown,MX,30,000,,,,,,,,,,STORET
EMAP_CS,Environmental Monitoring and Assessment Program,EMAP_CS-MX02-0030,Rio Nautla,Estuary,Survey design weighting factor=1.95,,,,,,20.2390000,-96.7870000,,,,GPS Code (Pseudo Range) Differential,NAD83,0,ft,,,,Unknown,MX,30,000,,,,,,,,,,STORET
EMAP_CS,Environmental Monitoring and Assessment Program,EMAP_CS-MX02-0031,Puerto De Veracruz,Estuary,Survey design weighting factor=1.95,,,,,,19.1990000,-96.1270000,,,,GPS Code (Pseudo Range) Differential,NAD83,0,ft,,,,Unknown,MX,30,000,,,,,,,,,,STORET
EMAP_CS,Environmental Monitoring and Assessment Program,EMAP_CS-MX02-0032,Puerto De Veracruz,Estuary,Survey design weighting factor=1.95,,,,,,19.2000000,-96.1230000,,,,GPS Code (Pseudo Range) Differential,NAD83,0,ft,,,,Unknown,MX,30,000,,,,,,,,,,STORET
EMAP_CS,Environmental Monitoring and Assessment Program,EMAP_CS-MX02-0033,Laguna Sontecomapan,Estuary,Survey design weighting factor=1.95,,,,,,18.5520000,-94.9910000,,,,GPS Code (Pseudo Range) Differential,NAD83,0,ft,,,,Unknown,MX,30,000,,,,,,,,,,STORET
EMAP_CS,Environmental Monitoring and Assessment Program,EMAP_CS-MX02-0034,Laguna Sontecomapan,Estuary,Survey design weighting factor=1.95,,,,,,18.5350000,-95.0130000,,,,GPS Code (Pseudo Range) Differential,NAD83,0,ft,,,,Unknown,MX,30,000,,,,,,,,,,STORET
EMAP_CS,Environmental Monitoring and Assessment Program,EMAP_CS-MX02-0035,Laguna Sontecomapan,Estuary,Survey design weighting factor=1.95,,,,,,18.5300000,-94.9980000,,,,GPS Code (Pseudo Range) Differential,NAD83,0,ft,,,,Unknown,MX,30,000,,,,,,,,,,STORET
EMAP_CS,Environmental Monitoring and Assessment Program,EMAP_CS-MX02-0036,Laguna Sontecomapan,Estuary,Survey design weighting factor=1.95,,,,,,18.5230000,-95.0280000,,,,GPS Code (Pseudo Range) Differential,NAD83,0,ft,,,,Unknown,MX,30,000,,,,,,,,,,STORET
EMAP_CS,Environmental Monitoring and Assessment Program,EMAP_CS-MX02-0037,Rio Coatzacoalcos,Estuary,Survey design weighting factor=1.95,,,,,,18.1530000,-94.4110000,,,,GPS Code (Pseudo Range) Differential,NAD83,0,ft,,,,Unknown,MX,30,000,,,,,,,,,,STORET
EMAP_CS,Environmental Monitoring and Assessment Program,EMAP_CS-MX02-0038,Rio Coatzacoalcos,Estuary,Survey design weighting factor=1.95,,,,,,18.1480000,-94.4090000,,,,GPS Code (Pseudo Range) Differential,NAD83,0,ft,,,,Unknown,MX,30,000,,,,,,,,,,STORET
EMAP_CS,Environmental Monitoring and Assessment Program,EMAP_CS-MX02-0039,Darsena De Pajaritos,Estuary,Survey design weighting factor=1.95,,,,,,18.1280000,-94.4030000,,,,GPS Code (Pseudo Range) Differential,NAD83,0,ft,,,,Unknown,MX,30,000,,,,,,,,,,STORET
EMAP_CS,Environmental Monitoring and Assessment Program,EMAP_CS-MX02-0040,Darsena De Pajaritos,Estuary,Survey design weighting factor=1.95,,,,,,18.1260000,-94.3920000,,,,GPS Code (Pseudo Range) Differential,NAD83,0,ft,,,,Unknown,MX,30,000,,,,,,,,,,STORET
EMAP_CS,Environmental Monitoring and Assessment Program,EMAP_CS-MX02-0041,Unknown,Estuary,Survey design weighting factor=0.37,,,,,,21.7120000,-97.6930000,,,,GPS Code (Pseudo Range) Differential,NAD83,0,ft,,,,Unknown,MX,30,000,,,,,,,,,,STORET
EMAP_CS,Environmental Monitoring and Assessment Program,EMAP_CS-MX02-0042,Unknown,Estuary,Survey design weighting factor=0.37,,,,,,21.7110000,-97.6920000,,,,GPS Code (Pseudo Range) Differential,NAD83,0,ft,,,,Unknown,MX,30,000,,,,,,,,,,STORET
EMAP_CS,Environmental Monitoring and Assessment Program,EMAP_CS-MX02-0043,Estero Cucharas,Estuary,Survey design weighting factor=0.37,,,,,,21.6300000,-97.6420000,,,,GPS Code (Pseudo Range) Differential,NAD83,0,ft,,,,Unknown,MX,30,000,,,,,,,,,,STORET
EMAP_CS,Environmental Monitoring and Assessment Program,EMAP_CS-MX02-0047,Rio De La Antigua,Estuary,Survey design weighting factor=0.37,,,,,,19.3090000,-96.2900000,,,,GPS Code (Pseudo Range) Differential,NAD83,0,ft,,,,Unknown,MX,30,000,,,,,,,,,,STORET
EMAP_CS,Environmental Monitoring and Assessment Program,EMAP_CS-MX02-0048,Rio De La Antigua,Estuary,Survey design weighting factor=0.37,,,,,,19.3090000,-96.2980000,,,,GPS Code (Pseudo Range) Differential,NAD83,0,ft,,,,Unknown,MX,30,000,,,,,,,,,,STORET
EMAP_CS,Environmental Monitoring and Assessment Program,EMAP_CS-MX02-0049,Rio De La Antigua,Estuary,Survey design weighting factor=0.37,,,,,,19.3080000,-96.2870000,,,,GPS Code (Pseudo Range) Differential,NAD83,0,ft,,,,Unknown,MX,30,000,,,,,,,,,,STORET
EMAP_CS,Environmental Monitoring and Assessment Program,EMAP_CS-MX02-0051,Rio Jamapa,Estuary,Survey design weighting factor=0.37,,,,,,19.1010000,-96.1010000,,,,GPS Code (Pseudo Range) Differential,NAD83,0,ft,,,,Unknown,MX,30,000,,,,,,,,,,STORET