OrganizationIdentifier,OrganizationFormalName,MonitoringLocationIdentifier,MonitoringLocationName,MonitoringLocationTypeName,MonitoringLocationDescriptionText,HUCEightDigitCode,DrainageAreaMeasure/MeasureValue,DrainageAreaMeasure/MeasureUnitCode,ContributingDrainageAreaMeasure/MeasureValue,ContributingDrainageAreaMeasure/MeasureUnitCode,LatitudeMeasure,LongitudeMeasure,SourceMapScaleNumeric,HorizontalAccuracyMeasure/MeasureValue,HorizontalAccuracyMeasure/MeasureUnitCode,HorizontalCollectionMethodName,HorizontalCoordinateReferenceSystemDatumName,VerticalMeasure/MeasureValue,VerticalMeasure/MeasureUnitCode,VerticalAccuracyMeasure/MeasureValue,VerticalAccuracyMeasure/MeasureUnitCode,VerticalCollectionMethodName,VerticalCoordinateReferenceSystemDatumName,CountryCode,StateCode,CountyCode,AquiferName,LocalAqfrName,FormationTypeText,AquiferTypeName,ConstructionDateText,WellDepthMeasure/MeasureValue,WellDepthMeasure/MeasureUnitCode,WellHoleDepthMeasure/MeasureValue,WellHoleDepthMeasure/MeasureUnitCode,ProviderName
USGS-HI,USGS Hawaii Water Science Center,USGS-065000158100571,"Kiti-Nanmand RG at Nanmand, Pohnpei, FSM",Atmosphere,,,,,,,,,,1,seconds,Interpolated from MAP.,,,,,,,,FM,64,040,,,,,,,,,,NWIS
USGS-HI,USGS Hawaii Water Science Center,USGS-065002158100470,"Pwadapwad River, Pohnpei, FSM",Stream,,,,,,,,,,1,seconds,Interpolated from MAP.,,,,,,,,FM,64,040,,,,,,,,,,NWIS
USGS-HI,USGS Hawaii Water Science Center,USGS-065100158173970,"Pahlap River, Pohnpei, FSM",Stream,,,,,,,,,,1,seconds,Interpolated from MAP.,,,,,,,,FM,64,040,,,,,,,,,,NWIS
USGS-HI,USGS Hawaii Water Science Center,USGS-065116158120571,"Mt. Tolen Pwoaipwoai RG, Pohnpei, FSM",Atmosphere,,,,,,,,,,1,seconds,Interpolated from MAP.,,,,,,,,FM,64,040,,,,,,,,,,NWIS
USGS-HI,USGS Hawaii Water Science Center,USGS-065414158090671,"Luhpwor RG nr Kolonia, Pohnpei, FSM",Atmosphere,,,,,,,,,,1,seconds,Interpolated from MAP.,,,,,,,,FM,64,040,,,,,,,,,,NWIS
USGS-HI,USGS Hawaii Water Science Center,USGS-065415158095970,"Luhpwor R. at Japanese Dam, Pohnpei, FSM",Stream,,,,,,,,,,1,seconds,Interpolated from MAP.,,,,,,,,FM,64,040,,,,,,,,,,NWIS
USGS-HI,USGS Hawaii Water Science Center,USGS-065506158121471,"Nanpil RG nr Kolonia, Pohnpei, FSM",Atmosphere,,,,,,,,,,1,seconds,Interpolated from MAP.,,,,,,,,FM,64,040,,,,,,,,,,NWIS
USGS-HI,USGS Hawaii Water Science Center,USGS-065648158115671,"40-5611-03 Kolonia Well K-5, Pohnpei, FSM",Well,,,,,,,,,,1,seconds,Interpolated from MAP.,,,,,,,,FM,64,040,,,,,,,,,,NWIS
USGS-HI,USGS Hawaii Water Science Center,USGS-065649158115571,"40-5611-01 Kolonia Well K-2, Pohnpei, FSM",Well,,,,,,,,,,1,seconds,Interpolated from MAP.,,,,,,,,FM,64,040,,,,,,,,,,NWIS
USGS-HI,USGS Hawaii Water Science Center,USGS-065653158120371,"40-5612-02 Kolonia Well K-4, Pohnpei, FSM",Well,,,,,,,,,,1,seconds,Interpolated from MAP.,,,,,,,,FM,64,040,,,,,,,,,,NWIS
USGS-HI,USGS Hawaii Water Science Center,USGS-065653158120871,"40-5612-03 Kolonia Well K-7, Pohnpei, FSM",Well,,,,,,,,,,1,seconds,Interpolated from MAP.,,,,,,,,FM,64,040,,,,,,,,,,NWIS
USGS-HI,USGS Hawaii Water Science Center,USGS-065655158120371,"K-7 Rain Gage at Kolonia, Pohnpei, FSM",Atmosphere,,,,,,,,,,1,seconds,Interpolated from MAP.,,,,,,,,FM,64,040,,,,,,,,,,NWIS
USGS-HI,USGS Hawaii Water Science Center,USGS-065705158130171,"40-5713-02 Kolonia Well K-10, Pohnpei, FSM",Well,,,,,,,,,,1,seconds,Interpolated from MAP.,,,,,,,,FM,64,040,,,,,,,,,,NWIS
USGS-HI,USGS Hawaii Water Science Center,USGS-065900158130070,"Precip Tritium Site, Pohnpei, FSM",Atmosphere,,,,,,,,,,1,seconds,Interpolated from MAP.,,,,,,,,FM,64,040,,,,,,,,,,NWIS
USGS-HI,USGS Hawaii Water Science Center,USGS-16897470,"Pahntakai River, Pohnpei, FSM",Stream,,,0.55,sq mi,,,,,,1,seconds,Interpolated from MAP.,,16,feet,1,feet,Unknown.,LMSL,FM,64,040,,,,,,,,,,NWIS
USGS-HI,USGS Hawaii Water Science Center,USGS-16897480,"Unnamed River near Cape Uh, Pohnpei, FSM",Stream,,,0.54,sq mi,,,,,,1,seconds,Interpolated from MAP.,,16,feet,1,feet,Unknown.,LMSL,FM,64,040,,,,,,,,,,NWIS
USGS-HI,USGS Hawaii Water Science Center,USGS-16897500,"Kepin Awak River, Pohnpei, FSM",Stream,,,0.88,sq mi,,,,,,1,seconds,Interpolated from MAP.,,16,feet,1,feet,Unknown.,LMSL,FM,64,040,,,,,,,,,,NWIS
USGS-HI,USGS Hawaii Water Science Center,USGS-16897550,"Meitik River, Pohnpei, FSM",Stream,,,5.04,sq mi,,,,,,1,seconds,Interpolated from MAP.,,5,feet,1,feet,Unknown.,LMSL,FM,64,040,,,,,,,,,,NWIS
USGS-HI,USGS Hawaii Water Science Center,USGS-16897600,"Nanpil River, Pohnpei, FSM",Stream,,,3.00,sq mi,,,,,,1,seconds,Interpolated from MAP.,,370,feet,10,feet,Unknown.,LMSL,FM,64,040,,,,,,,,,,NWIS
USGS-HI,USGS Hawaii Water Science Center,USGS-16897750,"Kiepw River, Pohnpei, FSM",Stream,,,5.71,sq mi,,,,,,1,seconds,Interpolated from MAP.,,125,feet,1,feet,Unknown.,LMSL,FM,64,040,,,,,,,,,,NWIS
USGS-HI,USGS Hawaii Water Science Center,USGS-16897800,"Kiepw River at mouth, Pohnpei, FSM",Stream,,,11.20,sq mi,,,,,,1,seconds,Interpolated from MAP.,,5,feet,1,feet,Unknown.,LMSL,FM,64,040,,,,,,,,,,NWIS
USGS-HI,USGS Hawaii Water Science Center,USGS-16897900,"Lewi River, Pohnpei, FSM",Stream,,,0.46,sq mi,,,,,,1,seconds,Interpolated from MAP.,,290,feet,10,feet,Unknown.,LMSL,FM,64,040,,,,,,,,,,NWIS
USGS-HI,USGS Hawaii Water Science Center,USGS-16898000,"Lewi River tributary no. 2, Pohnpei, FSM",Stream,,,0.04,sq mi,,,,,,1,seconds,Interpolated from MAP.,,,,,,,,FM,64,040,,,,,,,,,,NWIS
USGS-HI,USGS Hawaii Water Science Center,USGS-16898100,"Lewi River tributary, Pohnpei, FSM",Stream,,,0.36,sq mi,,,,,,1,seconds,Interpolated from MAP.,,45,feet,1,feet,Unknown.,LMSL,FM,64,040,,,,,,,,,,NWIS
USGS-HI,USGS Hawaii Water Science Center,USGS-16898200,"Lewi River at mouth, Pohnpei, FSM",Stream,,,2.08,sq mi,,,,,,1,seconds,Interpolated from MAP.,,30,feet,1,feet,Unknown.,LMSL,FM,64,040,,,,,,,,,,NWIS
USGS-HI,USGS Hawaii Water Science Center,USGS-16898300,"Dauen Neu River, Pohnpei, FSM",Stream,,,0.75,sq mi,,,,,,1,seconds,Interpolated from MAP.,,110,feet,10,feet,Unknown.,LMSL,FM,64,040,,,,,,,,,,NWIS
USGS-HI,USGS Hawaii Water Science Center,USGS-16898500,"Nankewi River, Pohnpei, FSM",Stream,,,1.48,sq mi,,,,,,1,seconds,Interpolated from MAP.,,40,feet,1,feet,Unknown.,LMSL,FM,64,040,,,,,,,,,,NWIS
USGS-HI,USGS Hawaii Water Science Center,USGS-16898550,"Kiriedleng River, Pohnpei, FSM",Stream,,,0.73,sq mi,,,,,,1,seconds,Interpolated from MAP.,,220,feet,10,feet,Unknown.,LMSL,FM,64,040,,,,,,,,,,NWIS
USGS-HI,USGS Hawaii Water Science Center,USGS-16898600,"Luhpwor River, Pohnpei, FSM",Stream,,,0.72,sq mi,,,,,,1,seconds,Interpolated from MAP.,,145,feet,1,feet,Unknown.,LMSL,FM,64,040,,,,,,,,,,NWIS
USGS-HI,USGS Hawaii Water Science Center,USGS-16898620,"Seniahdak River, Pohnpei, FSM",Stream,,,,,,,,,,1,seconds,Interpolated from MAP.,,,,,,,,FM,64,040,,,,,,,,,,NWIS
USGS-HI,USGS Hawaii Water Science Center,USGS-16898650,"Pehleng River, Pohnpei, FSM",Stream,,,2.01,sq mi,,,,,,1,seconds,Interpolated from MAP.,,52,feet,1,feet,Unknown.,LMSL,FM,64,040,,,,,,,,,,NWIS
USGS-HI,USGS Hawaii Water Science Center,USGS-16898690,"Lehn Mesi River, Pohnpei, FSM",Stream,,,2.31,sq mi,,,,,,1,seconds,Interpolated from MAP.,,,,,,,,FM,64,040,,,,,,,,,,NWIS
USGS-HI,USGS Hawaii Water Science Center,USGS-16898700,"Lehn Mesi Riv at Hanging Bridge, Pohnpei, FSM",Stream,,,8.32,sq mi,,,,,,1,seconds,Interpolated from MAP.,,20,feet,1,feet,Unknown.,LMSL,FM,64,040,,,,,,,,,,NWIS
USGS-HI,USGS Hawaii Water Science Center,USGS-16898800,"Kapinpil Spring nr Nanior Island, Pohnpei, FSM",Spring,,,,,,,,,,1,seconds,Interpolated from MAP.,,,,,,,,FM,64,040,,,,,,,,,,NWIS
USGS-HI,USGS Hawaii Water Science Center,USGS-16898850,"Mahnd River, Pohnpei, FSM",Stream,,,,,,,,,24000,1,seconds,Interpolated from MAP.,,360,feet,5,feet,Interpolated from topographic map.,LMSL,FM,64,040,,,,,,,,,,NWIS
USGS-HI,USGS Hawaii Water Science Center,USGS-16898900,"Keprohi River, Pohnpei, FSM",Stream,,,2.05,sq mi,,,,,,1,seconds,Interpolated from MAP.,,16,feet,1,feet,Unknown.,LMSL,FM,64,040,,,,,,,,,,NWIS
USGS-HI,USGS Hawaii Water Science Center,USGS-16899000,"Senipehn River, Pohnpei, FSM",Stream,,,6.04,sq mi,,,6.87443333000000,158.2714056000000,24000,1,seconds,Interpolated from Digital MAP.,NAD83,120,feet,10,feet,Interpolated from topographic map.,LMSL,FM,64,040,,,,,,,,,,NWIS
USGS-HI,USGS Hawaii Water Science Center,USGS-16899100,"Lehdau River, Pohnpei, FSM",Stream,,,2.44,sq mi,,,,,,1,seconds,Interpolated from MAP.,,130,feet,10,feet,Unknown.,LMSL,FM,64,040,,,,,,,,,,NWIS