OrganizationIdentifier,OrganizationFormalName,MonitoringLocationIdentifier,MonitoringLocationName,MonitoringLocationTypeName,MonitoringLocationDescriptionText,HUCEightDigitCode,DrainageAreaMeasure/MeasureValue,DrainageAreaMeasure/MeasureUnitCode,ContributingDrainageAreaMeasure/MeasureValue,ContributingDrainageAreaMeasure/MeasureUnitCode,LatitudeMeasure,LongitudeMeasure,SourceMapScaleNumeric,HorizontalAccuracyMeasure/MeasureValue,HorizontalAccuracyMeasure/MeasureUnitCode,HorizontalCollectionMethodName,HorizontalCoordinateReferenceSystemDatumName,VerticalMeasure/MeasureValue,VerticalMeasure/MeasureUnitCode,VerticalAccuracyMeasure/MeasureValue,VerticalAccuracyMeasure/MeasureUnitCode,VerticalCollectionMethodName,VerticalCoordinateReferenceSystemDatumName,CountryCode,StateCode,CountyCode,AquiferName,LocalAqfrName,FormationTypeText,AquiferTypeName,ConstructionDateText,WellDepthMeasure/MeasureValue,WellDepthMeasure/MeasureUnitCode,WellHoleDepthMeasure/MeasureValue,WellHoleDepthMeasure/MeasureUnitCode,ProviderName
USGS-HI,USGS Hawaii Water Science Center,USGS-091401138054470,"Magaf Stream, Yap, FSM",Stream,,,,,,,,,,1,seconds,Interpolated from MAP.,,,,,,,,FM,64,060,,,,,,,,,,NWIS
USGS-HI,USGS Hawaii Water Science Center,USGS-092616138050670,"25-2905-03 Timlang 3, Yap, FSM",Well,,,,,,,9.48777778000000,138.0850000000000,24000,1,seconds,Interpolated from Digital MAP.,NAD83,43,feet,10,feet,Interpolated from topographic map.,LMSL,FM,64,060,,,,,,88,ft,,,NWIS
USGS-HI,USGS Hawaii Water Science Center,USGS-092703138041170,"25-2704-01 Wugeem, Yap, FSM",Well,,,,,,,,,,1,seconds,Interpolated from MAP.,,,,,,,,FM,64,060,,,,,,,,,,NWIS
USGS-HI,USGS Hawaii Water Science Center,USGS-092903138051170,"25-2905-04 Lamaer, Yap, FSM",Well,,,,,,,,,,1,seconds,Interpolated from MAP.,,35,feet,1,feet,Unknown.,LMSL,FM,64,060,,,,,,,,,,NWIS
USGS-HI,USGS Hawaii Water Science Center,USGS-092913138050970,"25-2905-08 Airport Swamp, Yap, FSM",Well,,,,,,,,,,1,seconds,Interpolated from MAP.,,,,,,,,FM,64,060,,,,,,,,,,NWIS
USGS-HI,USGS Hawaii Water Science Center,USGS-092915138050270,"25-2905-09 Timlang 1, Yap, FSM",Well,,,,,,,,,,1,seconds,Interpolated from MAP.,,,,,,,,FM,64,060,,,,,,,,,,NWIS
USGS-HI,USGS Hawaii Water Science Center,USGS-092918138045470,"25-2904-02 Yugamanman 2, Yap, FSM",Well,,,,,,,9.48833333000000,138.0816667000000,24000,1,seconds,Interpolated from Digital MAP.,NAD83,37,feet,20,feet,Interpolated from topographic map.,LMSL,FM,64,060,,,,,,84,ft,,,NWIS
USGS-HI,USGS Hawaii Water Science Center,USGS-092919138045670,"25-2904-01 Yugamanman 1, Yap, FSM",Well,,,,,,,9.48861111000000,138.0822222000000,24000,1,seconds,Interpolated from Digital MAP.,NAD83,42,feet,10,feet,Interpolated from topographic map.,LMSL,FM,64,060,,,,,,92,ft,,,NWIS
USGS-HI,USGS Hawaii Water Science Center,USGS-092920138043570,"25-2905-05 Communication Bldg W- 1, Yap, FSM",Well,,,,,,,,,,1,seconds,Interpolated from MAP.,,30,feet,1,feet,Unknown.,LMSL,FM,64,060,,,,,,,,,,NWIS
USGS-HI,USGS Hawaii Water Science Center,USGS-092920138050270,"25-2905-02 Timlang 2, Yap, FSM",Well,,,,,,,9.48888889000000,138.0838889000000,24000,1,seconds,Interpolated from Digital MAP.,NAD83,39,feet,5,feet,Interpolated from topographic map.,LMSL,FM,64,060,,,,,,80,ft,,,NWIS
USGS-HI,USGS Hawaii Water Science Center,USGS-092926138050470,"25-2905-06 Communication Bldg W- 2, Yap, FSM",Well,,,,,,,,,,1,seconds,Interpolated from MAP.,,,,,,,,FM,64,060,,,,,,,,,,NWIS
USGS-HI,USGS Hawaii Water Science Center,USGS-092927138050270,"25-2905-07 Mitsue, Yap, FSM",Well,,,,,,,,,,1,seconds,Interpolated from MAP.,,30,feet,1,feet,Unknown.,LMSL,FM,64,060,,,,,,,,,,NWIS
USGS-HI,USGS Hawaii Water Science Center,USGS-092930138053070,"Precip Tritium Site, Yap, FSM",Atmosphere,,,,,,,,,,1,seconds,Interpolated from MAP.,,,,,,,,FM,64,060,,,,,,,,,,NWIS
USGS-HI,USGS Hawaii Water Science Center,USGS-093024138063070,"25-3006-01 Treatment Plant Well, Gitaem, Yap, FSM",Well,,,,,,,,,,1,seconds,Interpolated from MAP.,,,,,,,,FM,64,060,,,,,,,,,,NWIS
USGS-HI,USGS Hawaii Water Science Center,USGS-093144138054470,"MAGAF STREAM, YAP, YAP ISLANDS",Stream,,,,,,,,,,1,seconds,Interpolated from MAP.,,,,,,,,FM,64,060,,,,,,,,,,NWIS
USGS-HI,USGS Hawaii Water Science Center,USGS-093144138054670,"25-3105-01 Magaf, Yap, FSM",Well,,,,,,,,,,1,seconds,Interpolated from MAP.,,,,,,,,FM,64,060,,,,,,,,,,NWIS
USGS-HI,USGS Hawaii Water Science Center,USGS-093154138095370,"25-3109-02 Thilung 2, Gagil-Tomil, Yap, FSM",Well,,,,,,,,,,1,seconds,Interpolated from MAP.,,,,,,,,FM,64,060,,,,,,,,,,NWIS
USGS-HI,USGS Hawaii Water Science Center,USGS-093158138095770,"25-3109-01 Monguch, Gagil-Tomil, Yap, FSM",Well,,,,,,,,,,1,seconds,Interpolated from MAP.,,,,,,,,FM,64,060,,,,,,,,,,NWIS
USGS-HI,USGS Hawaii Water Science Center,USGS-093159138095870,"25-3109-03 Monguch, Gagil-Tomil, Yap, FSM",Well,,,,,,,,,,1,seconds,Interpolated from MAP.,,,,,,,,FM,64,060,,,,,,,,,,NWIS
USGS-HI,USGS Hawaii Water Science Center,USGS-093204138095970,"25-3209-01 Dorfay 6in Well Gagil-Tomil, Yap, FSM",Well,,,,,,,,,,1,seconds,Interpolated from MAP.,,,,,,,,FM,64,060,,,,,,170,ft,,,NWIS
USGS-HI,USGS Hawaii Water Science Center,USGS-093217138101270,"25-3210-01 Mukong, Gagil-Tamil, Yap, FSM",Well,,,,,,,9.53805556000000,138.1700000000000,24000,1,seconds,Interpolated from Digital MAP.,NAD83,24,feet,5,feet,Interpolated from topographic map.,LMSL,FM,64,060,,,,,,120,ft,,,NWIS
USGS-HI,USGS Hawaii Water Science Center,USGS-093249138101070,"Loran Station Rain Gage, Gagil-Tomil, Yap, FSM",Atmosphere,,,,,,,,,,1,seconds,Interpolated from MAP.,,,,,,,,FM,64,060,,,,,,,,,,NWIS
USGS-HI,USGS Hawaii Water Science Center,USGS-16892000,"Qatliw Stream, Yap, FSM",Stream,,,0.31,sq mi,,,,,,1,seconds,Interpolated from MAP.,,40,feet,1,feet,Unknown.,LMSL,FM,64,060,,,,,,,,,,NWIS
USGS-HI,USGS Hawaii Water Science Center,USGS-16892400,"Qaringeel Stream, Yap, FSM",Stream,,,0.24,sq mi,,,,,,1,seconds,Interpolated from MAP.,,15,feet,1,feet,Unknown.,LMSL,FM,64,060,,,,,,,,,,NWIS
USGS-HI,USGS Hawaii Water Science Center,USGS-16892450,"Faraq Swamp outlet, Yap, FSM",Stream,,,0.29,sq mi,,,,,,1,seconds,Interpolated from MAP.,,5,feet,1,feet,Unknown.,LMSL,FM,64,060,,,,,,,,,,NWIS
USGS-HI,USGS Hawaii Water Science Center,USGS-16892460,"Galngun Swamp outlet, Yap, FSM",Stream,,,0.16,sq mi,,,,,,1,seconds,Interpolated from MAP.,,30,feet,1,feet,Unknown.,LMSL,FM,64,060,,,,,,,,,,NWIS
USGS-HI,USGS Hawaii Water Science Center,USGS-16892480,"Airport Pond, Yap, FSM","Lake, Reservoir, Impoundment",,,,,,,,,,1,seconds,Interpolated from MAP.,,,,,,,,FM,64,060,,,,,,,,,,NWIS
USGS-HI,USGS Hawaii Water Science Center,USGS-16892500,"Tamaney Stream, Yap, FSM",Stream,,,0.17,sq mi,,,,,,1,seconds,Interpolated from MAP.,,30,feet,1,feet,Unknown.,LMSL,FM,64,060,,,,,,,,,,NWIS
USGS-HI,USGS Hawaii Water Science Center,USGS-16892600,"Ripu Stream, Yap, FSM",Stream,,,0.29,sq mi,,,,,,1,seconds,Interpolated from MAP.,,10,feet,1,feet,Unknown.,LMSL,FM,64,060,,,,,,,,,,NWIS
USGS-HI,USGS Hawaii Water Science Center,USGS-16892650,"Dinaey Stream, Yap, FSM",Stream,,,0.04,sq mi,,,,,,1,seconds,Interpolated from MAP.,,75,feet,1,feet,Unknown.,LMSL,FM,64,060,,,,,,,,,,NWIS
USGS-HI,USGS Hawaii Water Science Center,USGS-16892680,"Tholomar Stream abv Reservoir, Yap, FSM",Stream,,,0.10,sq mi,,,,,,1,seconds,Interpolated from MAP.,,66,feet,1,feet,Unknown.,LMSL,FM,64,060,,,,,,,,,,NWIS
USGS-HI,USGS Hawaii Water Science Center,USGS-16892700,"Tholomar Stream, Yap, FSM",Stream,,,0.20,sq mi,,,,,,1,seconds,Interpolated from MAP.,,70,feet,1,feet,Unknown.,LMSL,FM,64,060,,,,,,,,,,NWIS
USGS-HI,USGS Hawaii Water Science Center,USGS-16892800,"Daloelaab Stream, Yap, FSM",Stream,,,0.07,sq mi,,,,,,1,seconds,Interpolated from MAP.,,110,feet,10,feet,Unknown.,LMSL,FM,64,060,,,,,,,,,,NWIS
USGS-HI,USGS Hawaii Water Science Center,USGS-16892900,"Peemgoy Stream, Yap, FSM",Stream,,,0.14,sq mi,,,,,,1,seconds,Interpolated from MAP.,,60,feet,1,feet,Unknown.,LMSL,FM,64,060,,,,,,,,,,NWIS
USGS-HI,USGS Hawaii Water Science Center,USGS-16893000,"Taalgum Stream, Yap, FSM",Stream,,,0.04,sq mi,,,,,,1,seconds,Interpolated from MAP.,,75,feet,1,feet,Unknown.,LMSL,FM,64,060,,,,,,,,,,NWIS
USGS-HI,USGS Hawaii Water Science Center,USGS-16893050,"Maabunq Stream, Yap, FSM",Stream,,,0.30,sq mi,,,,,,1,seconds,Interpolated from MAP.,,45,feet,1,feet,Unknown.,LMSL,FM,64,060,,,,,,,,,,NWIS
USGS-HI,USGS Hawaii Water Science Center,USGS-16893100,"Burong Stream, Yap, FSM",Stream,,,0.23,sq mi,,,,,,1,seconds,Interpolated from MAP.,,15,feet,1,feet,Unknown.,LMSL,FM,64,060,,,,,,,,,,NWIS
USGS-HI,USGS Hawaii Water Science Center,USGS-16893180,"Monguch Stream, Gagil-Tomil, Yap, FSM",Stream,,,0.18,sq mi,,,,,,1,seconds,Interpolated from MAP.,,20,feet,1,feet,Unknown.,LMSL,FM,64,060,,,,,,,,,,NWIS
USGS-HI,USGS Hawaii Water Science Center,USGS-16893190,"Dorfay Stream, Gagil-Tomil, Yap, FSM",Stream,,,0.20,sq mi,,,,,,1,seconds,Interpolated from MAP.,,25,feet,1,feet,Unknown.,LMSL,FM,64,060,,,,,,,,,,NWIS
USGS-HI,USGS Hawaii Water Science Center,USGS-16893200,"Mukong Stream, Gagil-Tomil, Yap, FSM",Stream,,,0.50,sq mi,,,,,,1,seconds,Interpolated from MAP.,,5,feet,1,feet,Unknown.,LMSL,FM,64,060,,,,,,,,,,NWIS
USGS-HI,USGS Hawaii Water Science Center,USGS-16893300,"Gilaew Spring, Gagil-Tomil, Yap, FSM",Spring,,,,,,,,,,1,seconds,Interpolated from MAP.,,60,feet,1,feet,Unknown.,LMSL,FM,64,060,,,,,,,,,,NWIS
USGS-HI,USGS Hawaii Water Science Center,USGS-16893310,"Gilaew Stream, Gagil-Tomil, Yap, FSM",Stream,,,0.15,sq mi,,,,,,1,seconds,Interpolated from MAP.,,15,feet,1,feet,Unknown.,LMSL,FM,64,060,,,,,,,,,,NWIS
USGS-HI,USGS Hawaii Water Science Center,USGS-16893350,"Yanbilang Stream, Gagil-Tomil, Yap, FSM",Stream,,,0.03,sq mi,,,,,,1,seconds,Interpolated from MAP.,,5,feet,1,feet,Unknown.,LMSL,FM,64,060,,,,,,,,,,NWIS
USGS-HI,USGS Hawaii Water Science Center,USGS-16893400,"Eyeb Stream, Gagil-Tomil, Yap, FSM",Stream,,,0.22,sq mi,,,,,,1,seconds,Interpolated from MAP.,,15,feet,1,feet,Unknown.,LMSL,FM,64,060,,,,,,,,,,NWIS
USGS-HI,USGS Hawaii Water Science Center,USGS-16893500,"Qamin Stream, Maap, Yap, FSM",Stream,,,0.19,sq mi,,,9.59913889000000,138.1708194000000,24000,1,seconds,Interpolated from Digital MAP.,NAD83,45,feet,20,feet,Interpolated from Digital Elevation Model,LMSL,FM,64,060,,,,,,,,,,NWIS