OrganizationIdentifier,OrganizationFormalName,MonitoringLocationIdentifier,MonitoringLocationName,MonitoringLocationTypeName,MonitoringLocationDescriptionText,HUCEightDigitCode,DrainageAreaMeasure/MeasureValue,DrainageAreaMeasure/MeasureUnitCode,ContributingDrainageAreaMeasure/MeasureValue,ContributingDrainageAreaMeasure/MeasureUnitCode,LatitudeMeasure,LongitudeMeasure,SourceMapScaleNumeric,HorizontalAccuracyMeasure/MeasureValue,HorizontalAccuracyMeasure/MeasureUnitCode,HorizontalCollectionMethodName,HorizontalCoordinateReferenceSystemDatumName,VerticalMeasure/MeasureValue,VerticalMeasure/MeasureUnitCode,VerticalAccuracyMeasure/MeasureValue,VerticalAccuracyMeasure/MeasureUnitCode,VerticalCollectionMethodName,VerticalCoordinateReferenceSystemDatumName,CountryCode,StateCode,CountyCode,AquiferName,LocalAqfrName,FormationTypeText,AquiferTypeName,ConstructionDateText,WellDepthMeasure/MeasureValue,WellDepthMeasure/MeasureUnitCode,WellHoleDepthMeasure/MeasureValue,WellHoleDepthMeasure/MeasureUnitCode,ProviderName
USGS-UT,USGS Utah Water Science Center,USGS-145830024215001,Chas das Caldeiras juice,Facility: Water-use establishment,,,,,,,14.97500000000000,-24.3638888900000,,1,seconds,Mapping grade GPS unit (handheld accuracy range 12 to 40 ft),NAD83,5413,feet,10,feet,Global Positioning System.,NAVD88,CV,00,000,,,,,,,,,,NWIS
USGS-UT,USGS Utah Water Science Center,USGS-150133024190801,FF06 (Mosteiros),Well,,,,,,,15.02588889000000,-24.3190000000000,,.1,seconds,Mapping grade GPS unit (handheld accuracy range 12 to 40 ft),NAD83,203,feet,10,feet,Global Positioning System.,NAVD88,CV,00,000,,,,,,231.6,ft,231.6,ft,NWIS
USGS-UT,USGS Utah Water Science Center,USGS-150221024201401,FF07 -Mosteiros,Well,,,,,,,15.03905556000000,-24.3372500000000,,.1,seconds,Mapping grade GPS unit (handheld accuracy range 12 to 40 ft),NAD83,66,feet,10,feet,Global Positioning System.,NAVD88,CV,00,000,,,,,,117.4,ft,117.4,ft,NWIS
USGS-UT,USGS Utah Water Science Center,USGS-150229024204301,FF29 - Moisteiros,Well,,,,,,,15.04150000000000,-24.3453888900000,,.1,seconds,Mapping grade GPS unit (handheld accuracy range 12 to 40 ft),NAD83,190,feet,10,feet,Global Positioning System.,NAVD88,CV,00,000,,,,,2005,202,ft,202,ft,NWIS
USGS-UT,USGS Utah Water Science Center,USGS-150246024210401,FF21 - Mosteiros basin,Well,,,,,,,15.04611110000000,-24.3511111000000,,1,seconds,Mapping grade GPS unit (handheld accuracy range 12 to 40 ft),NAD83,131.2,feet,10,feet,Global Positioning System.,NAVD88,CV,00,000,,,,,,173.9,ft,173.9,ft,NWIS
USGS-UT,USGS Utah Water Science Center,USGS-150246024210402,FF22 -Mosteiros,Well,,,,,,,15.04602778000000,-24.3510277800000,,.1,seconds,Mapping grade GPS unit (handheld accuracy range 12 to 40 ft),NAD83,115,feet,10,feet,Global Positioning System.,NAVD88,CV,00,000,,,,,,,,,,NWIS
USGS-UT,USGS Utah Water Science Center,USGS-150254024214701,Nascente Monte Vermelho,Spring,,,,,,,15.04822222000000,-24.3629444400000,,.1,seconds,Mapping grade GPS unit (handheld accuracy range 12 to 40 ft),NAD83,16,feet,10,feet,Global Positioning System.,NAVD88,CV,00,000,,,,,,,,,,NWIS
USGS-UT,USGS Utah Water Science Center,USGS-163846024193201,Galleria Faja tunnel - Monte Gordo branch,Spring,,,,,,,16.64611110000000,-24.3255555600000,,Unknown,Unknown,Mapping grade GPS unit (handheld accuracy range 12 to 40 ft),NAD83,817,feet,10,feet,Global Positioning System.,NAVD88,CV,00,000,,,,,,,,,,NWIS
USGS-UT,USGS Utah Water Science Center,USGS-163846024193202,Galleria Faja - Lombopelado Branch,Spring,,,,,,,16.64611110000000,-24.3255555600000,,Unknown,Unknown,Mapping grade GPS unit (handheld accuracy range 12 to 40 ft),NAD83,817,feet,10,feet,Global Positioning System.,NAVD88,CV,00,000,,,,,,,,,,NWIS
USGS-UT,USGS Utah Water Science Center,USGS-163846024193203,Galleria Faja - Cruz Roque Branch,Spring,,,,,,,16.64611110000000,-24.3255555600000,,Unknown,Unknown,Mapping grade GPS unit (handheld accuracy range 12 to 40 ft),NAD83,817,feet,10,feet,Global Positioning System.,NAVD88,CV,00,000,,,,,,,,,,NWIS
USGS-UT,USGS Utah Water Science Center,USGS-163950024191401,FN39 -Faja basin,Well,,,,,,,16.66397222000000,-24.3204722000000,,.1,seconds,Mapping grade GPS unit (handheld accuracy range 12 to 40 ft),NAD83,305,feet,10,feet,Global Positioning System.,NAVD88,CV,00,000,,,,,1980,342.2,ft,342.2,ft,NWIS
USGS-UT,USGS Utah Water Science Center,USGS-170624025032001,Oio de Agua stream - Paul Basin,Stream,,,,,,,17.10666667000000,-25.0555555600000,,1,minutes,Reported.,NAD83,3133,feet,60,feet,Reported method of determination.,NAVD88,CV,00,000,,,,,,,,,,NWIS
USGS-UT,USGS Utah Water Science Center,USGS-170628025030201,Morcas stream - Paul Basin,Stream,,,,,,,17.10777778000000,-25.0505555600000,,1,minutes,Reported.,NAD83,2329,feet,60,feet,Reported method of determination.,NAVD88,CV,00,000,,,,,,,,,,NWIS
USGS-UT,USGS Utah Water Science Center,USGS-170636025023001,Zeagrios 5 stream - Paul Basin,Stream,,,,,,,17.10833333000000,-25.0416666700000,,1,minutes,Reported.,NAD83,2461,feet,60,feet,Reported method of determination.,NAVD88,CV,00,000,,,,,,,,,,NWIS
USGS-UT,USGS Utah Water Science Center,USGS-170646025023901,Covada Claro Stream - Paul Basin,Stream,,,,,,,17.11277778000000,-25.0441666700000,,1,minutes,Reported.,NAD83,1804,feet,60,feet,Reported method of determination.,NAVD88,CV,00,000,,,,,,,,,,NWIS
USGS-UT,USGS Utah Water Science Center,USGS-170648025022701,Joao Deaninha stream - Paul Basin,Stream,,,,,,,17.11333333000000,-25.0408333300000,,1,minutes,Reported.,NAD83,2428,feet,60,feet,Reported method of determination.,NAVD88,CV,00,000,,,,,,,,,,NWIS
USGS-UT,USGS Utah Water Science Center,USGS-170650025024301,Calistrinho stream - Paul Basin,Stream,,,,,,,17.11388889000000,-25.0452777800000,,1,minutes,Reported.,NAD83,1640,feet,60,feet,Reported method of determination.,NAVD88,CV,00,000,,,,,,,,,,NWIS
USGS-UT,USGS Utah Water Science Center,USGS-170654025032801,Tabulera - Paul Basin,Spring,,,,,,,17.11500000000000,-25.0577777800000,,1,seconds,Mapping grade GPS unit (handheld accuracy range 12 to 40 ft),NAD83,2723,feet,10,feet,Global Positioning System.,NAVD88,CV,00,000,,,,,,,,,,NWIS
USGS-UT,USGS Utah Water Science Center,USGS-170656025025901,Cringa stream - Paul Basin,Stream,,,,,,,17.11555556000000,-25.0497222000000,,1,minutes,Reported.,NAD83,1837,feet,60,feet,Reported method of determination.,NAVD88,CV,00,000,,,,,,,,,,NWIS
USGS-UT,USGS Utah Water Science Center,USGS-170711025024901,Nascente Seladinha,Spring,,,,,,,17.11969444000000,-25.0470277800000,,.1,seconds,Mapping grade GPS unit (handheld accuracy range 12 to 40 ft),NAD83,1560,feet,10,feet,Global Positioning System.,NAVD88,CV,00,000,,,,,,,,,,NWIS
USGS-UT,USGS Utah Water Science Center,USGS-170755025024501,Cabouco stream - Paul Basin,Stream,,,,,,,17.13194444000000,-25.0458333300000,,1,minutes,Reported.,NAD83,1837,feet,60,feet,Reported method of determination.,NAVD88,CV,00,000,,,,,,,,,,NWIS
USGS-UT,USGS Utah Water Science Center,USGS-170756025023201,Passagem - Paul Basin,Spring,,,,,,,17.13222222000000,-25.0422222000000,,1,seconds,Mapping grade GPS unit (handheld accuracy range 12 to 40 ft),NAD83,984,feet,10,feet,Global Positioning System.,NAVD88,CV,00,000,,,,,,,,,,NWIS
USGS-UT,USGS Utah Water Science Center,USGS-170816025023101,Nascente Dragueiro  1,Spring,,,,,,,17.13780556000000,-25.0419722000000,,.1,seconds,Mapping grade GPS unit (handheld accuracy range 12 to 40 ft),NAD83,860,feet,10,feet,Global Positioning System.,NAVD88,CV,00,000,,,,,,,,,,NWIS
USGS-UT,USGS Utah Water Science Center,USGS-170820025014001,FA57 - Paul Basin,Well,,,,,,,17.13897222000000,-25.0278611000000,,.1,seconds,Mapping grade GPS unit (handheld accuracy range 12 to 40 ft),NAD83,354,feet,10,feet,Global Positioning System.,NAVD88,CV,00,000,,,,,,141,ft,141,ft,NWIS
USGS-UT,USGS Utah Water Science Center,USGS-170834025023401,NA21 - Paul Basin,Spring,,,,,,,17.14277778000000,-25.0427777800000,,1,seconds,Mapping grade GPS unit (handheld accuracy range 12 to 40 ft),NAD83,1443,feet,10,feet,Global Positioning System.,NAVD88,CV,00,000,,,,,,,,,,NWIS
USGS-UT,USGS Utah Water Science Center,USGS-170849025010401,FA93 - Paul Basin,Well,,,,,,,17.14694444000000,-25.0177777800000,,1,seconds,Mapping grade GPS unit (handheld accuracy range 12 to 40 ft),NAD83,66,feet,10,feet,Global Positioning System.,NAVD88,CV,00,000,,,,,2004,69.2,ft,69.2,ft,NWIS
USGS-UT,USGS Utah Water Science Center,USGS-170851025004801,Vila das Pombas,Atmosphere,,,,,,,17.14750000000000,-25.0133333300000,,1,seconds,Mapping grade GPS unit (handheld accuracy range 12 to 40 ft),NAD83,32.8,feet,10,feet,Global Positioning System.,NAVD88,CV,00,000,,,,,,,,,,NWIS
USGS-UT,USGS Utah Water Science Center,USGS-171049025035601,Ribeira Grande - Paul Basin,Atmosphere,,,,,,,17.18027778000000,-25.0655555600000,,1,seconds,Mapping grade GPS unit (handheld accuracy range 12 to 40 ft),NAD83,59.0,feet,10,feet,Global Positioning System.,NAVD88,CV,00,000,,,,,,,,,,NWIS