OrganizationIdentifier,OrganizationFormalName,MonitoringLocationIdentifier,MonitoringLocationName,MonitoringLocationTypeName,MonitoringLocationDescriptionText,HUCEightDigitCode,DrainageAreaMeasure/MeasureValue,DrainageAreaMeasure/MeasureUnitCode,ContributingDrainageAreaMeasure/MeasureValue,ContributingDrainageAreaMeasure/MeasureUnitCode,LatitudeMeasure,LongitudeMeasure,SourceMapScaleNumeric,HorizontalAccuracyMeasure/MeasureValue,HorizontalAccuracyMeasure/MeasureUnitCode,HorizontalCollectionMethodName,HorizontalCoordinateReferenceSystemDatumName,VerticalMeasure/MeasureValue,VerticalMeasure/MeasureUnitCode,VerticalAccuracyMeasure/MeasureValue,VerticalAccuracyMeasure/MeasureUnitCode,VerticalCollectionMethodName,VerticalCoordinateReferenceSystemDatumName,CountryCode,StateCode,CountyCode,AquiferName,LocalAqfrName,FormationTypeText,AquiferTypeName,ConstructionDateText,WellDepthMeasure/MeasureValue,WellDepthMeasure/MeasureUnitCode,WellHoleDepthMeasure/MeasureValue,WellHoleDepthMeasure/MeasureUnitCode,ProviderName
USGS-ID,USGS Idaho Water Science Center,USAID-310212046155400,IRAQ/MOWR 3 EUPHRATES RIVER AT NASSIRYAH BRIDGE,Stream,,,,,,,31.03666667000000,46.2650000000000,,1,minutes,Interpolated from MAP.,NAD83,,,,,,,IZ,00,000,,,,,,,,,,NWIS
USGS-ID,USGS Idaho Water Science Center,USAID-311853045174200,IRAQ/MOWR 55 ALSMAWA CITY,Stream,,,,,,,31.31472220000000,45.2950000000000,,1,minutes,Interpolated from MAP.,NAD83,,,,,,,IZ,00,000,,,,,,,,,,NWIS
USGS-ID,USGS Idaho Water Science Center,USAID-313522044373200,IRAQ/MOWR 38 AL-SHANAFIYAH CITY,Stream,,,,,,,31.58944444000000,44.6255555600000,,1,minutes,Interpolated from MAP.,NAD83,,,,,,,IZ,00,000,,,,,,,,,,NWIS
USGS-ID,USGS Idaho Water Science Center,USAID-313958045004400,IRAQ/MOWR 54 AL-BARSHAWIYAH,Stream,,,,,,,31.66611110000000,45.0122222000000,,1,minutes,Interpolated from MAP.,NAD83,,,,,,,IZ,00,000,,,,,,,,,,NWIS
USGS-ID,USGS Idaho Water Science Center,USAID-320800044220000,IRAQ/MOWR 11 DOWNSTREAM FROM ABBASSIYAH BRIDGE,Stream,,,,,,,32.13333333000000,44.3666666700000,,1,minutes,Interpolated from MAP.,NAD83,,,,,,,IZ,00,000,,,,,,,,,,NWIS
USGS-ID,USGS Idaho Water Science Center,USAID-320900044210000,IRAQ/MOWR 9 UPSTREAM FROM KUFA BRIDGE,Stream,,,,,,,32.15000000000000,44.3500000000000,,1,minutes,Interpolated from MAP.,NAD83,,,,,,,IZ,00,000,,,,,,,,,,NWIS
USGS-ID,USGS Idaho Water Science Center,USAID-320900044210001,IRAQ/MOWR 10 DOWNSTREAM FROM KUFA BRIDGE,Stream,,,,,,,32.15000000000000,44.3500000000000,,1,minutes,Interpolated from MAP.,NAD83,,,,,,,IZ,00,000,,,,,,,,,,NWIS
USGS-ID,USGS Idaho Water Science Center,USAID-321442044485800,IRAQ/MOWR 57 DAGHARA REGULATOR,Stream,,,,,,,32.24500000000000,44.8161111000000,,1,minutes,Interpolated from MAP.,NAD83,,,,,,,IZ,00,000,,,,,,,,,,NWIS
USGS-ID,USGS Idaho Water Science Center,USAID-323148045473500,IRAQ/MOWR 13 UPSTREAM FROM KUT BRIDGE,Stream,,,,,,,32.53000000000000,45.7930555600000,,1,minutes,Interpolated from MAP.,NAD83,,,,,,,IZ,00,000,,,,,,,,,,NWIS
USGS-ID,USGS Idaho Water Science Center,USAID-323150045473400,IRAQ/MOWR 27 DOWNSTREAM FROM KUT BRIDGE,Stream,,,,,,,32.53055556000000,45.7927777800000,,1,minutes,Interpolated from MAP.,NAD83,,,,,,,IZ,00,000,,,,,,,,,,NWIS
USGS-ID,USGS Idaho Water Science Center,USAID-323155045472500,IRAQ/MOWR 23 AL-GHARAF,Stream,,,,,,,32.53194444000000,45.7902777800000,,1,minutes,Interpolated from MAP.,NAD83,,,,,,,IZ,00,000,,,,,,,,,,NWIS
USGS-ID,USGS Idaho Water Science Center,USAID-323316045251300,IRAQ/MOWR 35 AL-NUAMANIYAH,Stream,,,,,,,32.55444444000000,45.4202777800000,,1,minutes,Interpolated from MAP.,NAD83,,,,,,,IZ,00,000,,,,,,,,,,NWIS
USGS-ID,USGS Idaho Water Science Center,USAID-324300044160000,IRAQ/MOWR 8 UPSTREAM FROM HINDIYAH BRIDGE,Stream,,,,,,,32.71666667000000,44.2666666700000,,1,minutes,Interpolated from MAP.,NAD83,,,,,,,IZ,00,000,,,,,,,,,,NWIS
USGS-ID,USGS Idaho Water Science Center,USAID-324301044160100,IRAQ/MOWR 26 DOWNSTREAM FROM HINDIYAH BRIDGE,Stream,,,,,,,32.71694444000000,44.2669444400000,,1,minutes,Interpolated from MAP.,NAD83,,,,,,,IZ,00,000,,,,,,,,,,NWIS
USGS-ID,USGS Idaho Water Science Center,USAID-324339044163000,IRAQ/MOWR 51 SHAAT ALHILAH,Stream,,,,,,,32.72750000000000,44.2750000000000,,1,minutes,Interpolated from MAP.,NAD83,,,,,,,IZ,00,000,,,,,,,,,,NWIS
USGS-ID,USGS Idaho Water Science Center,USAID-324725044172800,IRAQ/MOWR 47 AL MUSAYYIB,Stream,,,,,,,32.79027778000000,44.2911111000000,,1,minutes,Interpolated from MAP.,NAD83,,,,,,,IZ,00,000,,,,,,,,,,NWIS
USGS-ID,USGS Idaho Water Science Center,USAID-331447043335200,IRAQ/MOWR 45 AL HABANYIA LAKE,Stream,,,,,,,33.24638889000000,43.5644444400000,,1,minutes,Interpolated from MAP.,NAD83,,,,,,,IZ,00,000,,,,,,,,,,NWIS
USGS-ID,USGS Idaho Water Science Center,USAID-331823043470800,IRAQ/MOWR 20 UNITY CANAL,Stream,,,,,,,33.30638889000000,43.7855555600000,,1,minutes,Interpolated from MAP.,NAD83,,,,,,,IZ,00,000,,,,,,,,,,NWIS
USGS-ID,USGS Idaho Water Science Center,USAID-331830043461600,IRAQ/MOWR 15 DOWNSTREAM FROM FALLUJA,Stream,,,,,,,33.30833333000000,43.7711111000000,,1,minutes,Interpolated from MAP.,NAD83,,,,,,,IZ,00,000,,,,,,,,,,NWIS
USGS-ID,USGS Idaho Water Science Center,USAID-331830043461601,IRAQ/MOWR 16 UPSTREAM FROM FALLUJA,Stream,,,,,,,33.30833333000000,43.7711111000000,,1,minutes,Interpolated from MAP.,NAD83,,,,,,,IZ,00,000,,,,,,,,,,NWIS
USGS-ID,USGS Idaho Water Science Center,USAID-332025044231000,IRAQ/MOWR 7 SARI BAGHDAD,Stream,,,,,,,33.34027778000000,44.3861111000000,,1,minutes,Interpolated from MAP.,NAD83,,,,,,,IZ,00,000,,,,,,,,,,NWIS
USGS-ID,USGS Idaho Water Science Center,USAID-332204043323500,IRAQ/MOWR 49 AL THEBAN,Stream,,,,,,,33.36777778000000,43.5430555600000,,1,minutes,Interpolated from MAP.,NAD83,,,,,,,IZ,00,000,,,,,,,,,,NWIS
USGS-ID,USGS Idaho Water Science Center,USAID-332205043323600,IRAQ/MOWR 21 UPSTREAM FROM DIBBAN REGULATOR,Stream,,,,,,,33.36805556000000,43.5433333000000,,1,minutes,Interpolated from MAP.,NAD83,,,,,,,IZ,00,000,,,,,,,,,,NWIS
USGS-ID,USGS Idaho Water Science Center,USAID-332434044203200,IRAQ/MOWR 6 BAGHDAD,Stream,,,,,,,33.40944444000000,44.3422222000000,,1,minutes,Interpolated from MAP.,NAD83,,,,,,,IZ,00,000,,,,,,,,,,NWIS
USGS-ID,USGS Idaho Water Science Center,USAID-332603043160300,IRAQ/MOWR 50 AL WARAR,Stream,,,,,,,33.43416667000000,43.2675000000000,,1,minutes,Interpolated from MAP.,NAD83,,,,,,,IZ,00,000,,,,,,,,,,NWIS
USGS-ID,USGS Idaho Water Science Center,USAID-332620043173200,IRAQ/MOWR 17 DOWNSTREAM FROM RAMADI,Stream,,,,,,,33.43888889000000,43.2922222000000,,1,minutes,Interpolated from MAP.,NAD83,,,,,,,IZ,00,000,,,,,,,,,,NWIS
USGS-ID,USGS Idaho Water Science Center,USAID-332621043160100,IRAQ/MOWR 18 UPSTREAM FROM RAMADI,Stream,,,,,,,33.43916667000000,43.2669444400000,,1,minutes,Interpolated from MAP.,NAD83,,,,,,,IZ,00,000,,,,,,,,,,NWIS
USGS-ID,USGS Idaho Water Science Center,USAID-332853043362100,IRAQ/MOWR 39 FURAT ARM,Stream,,,,,,,33.48138889000000,43.6058333000000,,1,minutes,Interpolated from MAP.,NAD83,,,,,,,IZ,00,000,,,,,,,,,,NWIS
USGS-ID,USGS Idaho Water Science Center,USAID-332858043361800,IRAQ/MOWR 43 UPSTREAM DIVERSION REGULATOR,Stream,,,,,,,33.48277778000000,43.6050000000000,,1,minutes,Interpolated from MAP.,NAD83,,,,,,,IZ,00,000,,,,,,,,,,NWIS
USGS-ID,USGS Idaho Water Science Center,USAID-332858043364800,IRAQ/MOWR 40 TIGRIS ARM,Stream,,,,,,,33.48277778000000,43.6133333000000,,1,minutes,Interpolated from MAP.,NAD83,,,,,,,IZ,00,000,,,,,,,,,,NWIS
USGS-ID,USGS Idaho Water Science Center,USAID-333623042501400,IRAQ/MOWR 41 HEET,Stream,,,,,,,33.60638889000000,42.8372222000000,,1,minutes,Interpolated from MAP.,NAD83,,,,,,,IZ,00,000,,,,,,,,,,NWIS
USGS-ID,USGS Idaho Water Science Center,USAID-334059043275800,IRAQ/MOWR 42 MAIN THARTHAR REGULATOR,Stream,,,,,,,33.68305556000000,43.4661111000000,,1,minutes,Interpolated from MAP.,NAD83,,,,,,,IZ,00,000,,,,,,,,,,NWIS
USGS-ID,USGS Idaho Water Science Center,USAID-335600044560000,IRAQ/MOWR 1 LESSER ZAB RIVER NEAR DOKAN IRAQ,Stream,,,,,,,,,,1,minutes,Interpolated from MAP.,,,,,,,,IZ,00,000,,,,,,,,,,NWIS
USGS-ID,USGS Idaho Water Science Center,USAID-335600044564200,IRAQ/MOWR WS 3 DOKAN,Atmosphere,,,,,,,33.93333330000000,44.9450000000000,,1,minutes,Interpolated from MAP.,NAD83,,,,,,,IZ,00,000,,,,,,,,,,NWIS
USGS-ID,USGS Idaho Water Science Center,USAID-340454044585400,IRAQ/MOWR 72 KHALIS,Stream,,,,,,,34.08166667000000,44.9816666700000,,1,minutes,Interpolated from MAP.,NAD83,,,,,,,IZ,00,000,,,,,,,,,,NWIS
USGS-ID,USGS Idaho Water Science Center,USAID-340456044585200,IRAQ/MOWR 73 SADER ALMUSHTERAK,Stream,,,,,,,34.08222220000000,44.9811111000000,,1,minutes,Interpolated from MAP.,NAD83,,,,,,,IZ,00,000,,,,,,,,,,NWIS
USGS-ID,USGS Idaho Water Science Center,USAID-340626044583000,IRAQ/MOWR 60 DOWNSTREAM HERMRIN DAM,Stream,,,,,,,34.10722220000000,44.9750000000000,,1,minutes,Interpolated from MAP.,NAD83,,,,,,,IZ,00,000,,,,,,,,,,NWIS
USGS-ID,USGS Idaho Water Science Center,USAID-340645044581100,IRAQ/MOWR 64 UPSTREAM HERMRIN DAM,Stream,,,,,,,34.11250000000000,44.9697222000000,,1,minutes,Interpolated from MAP.,NAD83,,,,,,,IZ,00,000,,,,,,,,,,NWIS
USGS-ID,USGS Idaho Water Science Center,USAID-340800042231100,IRAQ/MOWR 24 DOWNSTREAM FROM HADITHA DAM,Stream,,,,,,,34.13333330000000,42.3863888900000,,1,minutes,Interpolated from MAP.,NAD83,,,,,,,IZ,00,000,,,,,,,,,,NWIS
USGS-ID,USGS Idaho Water Science Center,USAID-341149043513000,IRAQ/MOWR 28 DOWNSTREAM FROM SAMARRA,Stream,,,,,,,34.19694444000000,43.8583333000000,,1,minutes,Interpolated from MAP.,NAD83,,,,,,,IZ,00,000,,,,,,,,,,NWIS
USGS-ID,USGS Idaho Water Science Center,USAID-341150043512800,IRAQ/MOWR 29 UPSTREAM FROM SAMARRA,Stream,,,,,,,34.19722220000000,43.8577777800000,,1,minutes,Interpolated from MAP.,NAD83,,,,,,,IZ,00,000,,,,,,,,,,NWIS
USGS-ID,USGS Idaho Water Science Center,USAID-341225042211700,IRAQ/MOWR 25 UPSTREAM FROM HADITHA DAM,Stream,,,,,,,34.20694444000000,42.3547222000000,,1,minutes,Interpolated from MAP.,NAD83,,,,,,,IZ,00,000,,,,,,,,,,NWIS
USGS-ID,USGS Idaho Water Science Center,USAID-341708045091800,IRAQ/MOWR 71 JALWALA,Stream,,,,,,,34.28555556000000,45.1550000000000,,1,minutes,Interpolated from MAP.,NAD83,,,,,,,IZ,00,000,,,,,,,,,,NWIS
USGS-ID,USGS Idaho Water Science Center,USAID-342520041003800,IRAQ/MOWR 19 HUSSAIBA,Stream,,,,,,,34.42222220000000,41.0105555600000,,1,minutes,Interpolated from MAP.,NAD83,,,,,,,IZ,00,000,,,,,,,,,,NWIS
USGS-ID,USGS Idaho Water Science Center,USAID-343339044302500,IRAQ/MOWR 58 DOWNSTREAM ADHAIM DAM,Stream,,,,,,,34.56083330000000,44.5069444000000,,1,minutes,Interpolated from MAP.,NAD83,,,,,,,IZ,00,000,,,,,,,,,,NWIS
USGS-ID,USGS Idaho Water Science Center,USAID-343359044305800,IRAQ/MOWR 63 UPSTREAM ADHAIM DAM,Stream,,,,,,,34.56638889000000,44.5161111000000,,1,minutes,Interpolated from MAP.,NAD83,,,,,,,IZ,00,000,,,,,,,,,,NWIS
USGS-ID,USGS Idaho Water Science Center,USAID-343606043414400,IRAQ/MOWR 62 TIKRIT CITY,Stream,,,,,,,34.60166667000000,43.6955555600000,,1,minutes,Interpolated from MAP.,NAD83,,,,,,,IZ,00,000,,,,,,,,,,NWIS
USGS-ID,USGS Idaho Water Science Center,USAID-345622043303400,IRAQ/MOWR 69 BAJI,Stream,,,,,,,34.93944444000000,43.5094444400000,,1,minutes,Interpolated from MAP.,NAD83,,,,,,,IZ,00,000,,,,,,,,,,NWIS
USGS-ID,USGS Idaho Water Science Center,USAID-350601045420200,IRAQ/MOWR 12 DOWNSTREAM FROM DERBENDIKHAN DAM,Stream,,,,,,,35.10027778000000,45.7005555600000,,1,minutes,Interpolated from MAP.,NAD83,,,,,,,IZ,00,000,,,,,,,,,,NWIS
USGS-ID,USGS Idaho Water Science Center,USAID-350601045420201,IRAQ/MOWR WS 1 AT DERBENDIKHAN,Atmosphere,,,,,,,35.10027778000000,45.7005555600000,,1,minutes,Interpolated from MAP.,NAD83,,,,,,,IZ,00,000,,,,,,,,,,NWIS
USGS-ID,USGS Idaho Water Science Center,USAID-353149043142500,IRAQ/MOWR 74 SHERQAT,Stream,,,,,,,35.53027778000000,43.2402777800000,,1,minutes,Interpolated from MAP.,NAD83,,,,,,,IZ,00,000,,,,,,,,,,NWIS
USGS-ID,USGS Idaho Water Science Center,USAID-354009044060900,IRAQ/MOWR WS 2 AT DIBIS,Atmosphere,,,,,,,35.66916667000000,44.1025000000000,,1,minutes,Interpolated from MAP.,NAD83,,,,,,,IZ,00,000,,,,,,,,,,NWIS
USGS-ID,USGS Idaho Water Science Center,USAID-354110044064100,IRAQ/MOWR 61 KERKUK IRRIGATION CANAL,Stream,,,,,,,35.68611110000000,44.1113888900000,,1,minutes,Interpolated from MAP.,NAD83,,,,,,,IZ,00,000,,,,,,,,,,NWIS
USGS-ID,USGS Idaho Water Science Center,USAID-354123044063000,IRAQ/MOWR 59 DOWNSTREAM DIBIS DAM,Stream,,,,,,,35.68972220000000,44.1083333000000,,1,minutes,Interpolated from MAP.,NAD83,,,,,,,IZ,00,000,,,,,,,,,,NWIS
USGS-ID,USGS Idaho Water Science Center,USAID-354658044093700,IRAQ/MOWR 56 ALTONCOBRI,Stream,,,,,,,35.78277778000000,44.1602777800000,,1,minutes,Interpolated from MAP.,NAD83,,,,,,,IZ,00,000,,,,,,,,,,NWIS
USGS-ID,USGS Idaho Water Science Center,USAID-361538043381300,IRAQ/MOWR 14 GREATER ZAB AT IFRAZ,Stream,,,,,,,36.26055556000000,43.6369444400000,,1,minutes,Interpolated from MAP.,NAD83,,,,,,,IZ,00,000,,,,,,,,,,NWIS
USGS-ID,USGS Idaho Water Science Center,USAID-361958043090800,IRAQ/MOWR 67 MOSUL,Stream,,,,,,,36.33277778000000,43.1522222000000,,1,minutes,Interpolated from MAP.,NAD83,,,,,,,IZ,00,000,,,,,,,,,,NWIS
USGS-ID,USGS Idaho Water Science Center,USAID-362225044202500,IRAQ/MOWR 68 SAFIN,Stream,,,,,,,36.37361110000000,44.3402777800000,,1,minutes,Interpolated from MAP.,NAD83,,,,,,,IZ,00,000,,,,,,,,,,NWIS
USGS-ID,USGS Idaho Water Science Center,USAID-363245044390500,IRAQ/MOWR 66 HANDREN,Stream,,,,,,,36.54583330000000,44.6513888900000,,1,minutes,Interpolated from MAP.,NAD83,,,,,,,IZ,00,000,,,,,,,,,,NWIS
USGS-ID,USGS Idaho Water Science Center,USAID-363430042463000,IRAQ/MOWR 53 DSTM REGULATOR FROM MOSUL DAM,Stream,,,,,,,36.57500000000000,42.7750000000000,,1,minutes,Interpolated from MAP.,NAD83,,,,,,,IZ,00,000,,,,,,,,,,NWIS
USGS-ID,USGS Idaho Water Science Center,USAID-363757042490300,IRAQ/MOWR 52 UPSTREAM FROM MOSUL DAM,Stream,,,,,,,36.63250000000000,42.8175000000000,,1,minutes,Interpolated from MAP.,NAD83,,,,,,,IZ,00,000,,,,,,,,,,NWIS
USGS-ID,USGS Idaho Water Science Center,USAID-365235044191400,IRAQ/MOWR 65 PIRAN,Stream,,,,,,,36.87638889000000,44.3205555600000,,1,minutes,Interpolated from MAP.,NAD83,,,,,,,IZ,00,000,,,,,,,,,,NWIS
USGS-ID,USGS Idaho Water Science Center,USAID-370305043395300,IRAQ/MOWR 70 DERALOOK,Stream,,,,,,,37.05138889000000,43.6647222000000,,1,minutes,Interpolated from MAP.,NAD83,,,,,,,IZ,00,000,,,,,,,,,,NWIS
USGS-ID,USGS Idaho Water Science Center,USAID-370901042352300,IRAQ/MOWR 22 AL-KHABOUR RIVER,Stream,,,,,,,37.15027778000000,42.5897222000000,,1,minutes,Interpolated from MAP.,NAD83,,,,,,,IZ,00,000,,,,,,,,,,NWIS
USGS-ID,USGS Idaho Water Science Center,USAID-372257042134800,"IRAQ/MOWR 2 NEAR FEISH KHABOUR, IRAQ",Stream,,,,,,,,,,1,minutes,Interpolated from MAP.,,,,,,,,IZ,00,000,,,,,,,,,,NWIS